run_id,timestamp_utc,hostname,variant,model_name_or_path,model_mode,layer_index,input_source,batch_size,sequence_length,rows,hidden_size,intermediate_size,activation_function,fc1_bias,fc2_bias,dtype,threads,weight_layout,split_k,iteration,latency_ns,latency_ms,rows_per_second,checksum,packing_ms,canonical_parameter_bytes,packed_parameter_bytes,workspace_bytes,logical_activation_bytes,logical_output_bytes,max_abs_error,max_rel_error,allclose
20260919T082127Z-hf-opt-layer,2026-09-19T08:21:28.622149+00:00,mn01,imbps,facebook/opt-125m,pretrained,0,captured,1,256,256,768,3072,relu,True,True,bf16,8,views,1,0,2858245,2.858245,89565.45012761327,-0.0008544921875,0.0998,9444864,0,1966080,1572864,393216,0.00390625,639.59375,True
20260919T082127Z-hf-opt-layer,2026-09-19T08:21:28.624040+00:00,mn01,reference,facebook/opt-125m,pretrained,0,captured,1,256,256,768,3072,relu,True,True,bf16,8,native_linear,1,0,1786297,1.786297,143313.2340254728,-0.000812530517578125,0.0,9444864,0,0,1572864,393216,0.00390625,639.59375,True
20260919T082127Z-hf-opt-layer,2026-09-19T08:21:28.625579+00:00,mn01,imbps,facebook/opt-125m,pretrained,0,captured,1,256,256,768,3072,relu,True,True,bf16,8,views,1,1,1502939,1.502939,170332.92768369176,-0.0008544921875,0.0998,9444864,0,1966080,1572864,393216,0.00390625,639.59375,True
20260919T082127Z-hf-opt-layer,2026-09-19T08:21:28.627100+00:00,mn01,reference,facebook/opt-125m,pretrained,0,captured,1,256,256,768,3072,relu,True,True,bf16,8,native_linear,1,1,1491050,1.49105,171691.09017135575,-0.000812530517578125,0.0,9444864,0,0,1572864,393216,0.00390625,639.59375,True
20260919T082127Z-hf-opt-layer,2026-09-19T08:21:28.628737+00:00,mn01,reference,facebook/opt-125m,pretrained,0,captured,1,256,256,768,3072,relu,True,True,bf16,8,native_linear,1,2,1607207,1.607207,159282.53174606632,-0.000812530517578125,0.0,9444864,0,0,1572864,393216,0.00390625,639.59375,True
20260919T082127Z-hf-opt-layer,2026-09-19T08:21:28.630277+00:00,mn01,imbps,facebook/opt-125m,pretrained,0,captured,1,256,256,768,3072,relu,True,True,bf16,8,views,1,2,1512443,1.512443,169262.5771681974,-0.0008544921875,0.0998,9444864,0,1966080,1572864,393216,0.00390625,639.59375,True
20260919T082127Z-hf-opt-layer,2026-09-19T08:21:28.631817+00:00,mn01,imbps,facebook/opt-125m,pretrained,0,captured,1,256,256,768,3072,relu,True,True,bf16,8,views,1,3,1499253,1.499253,170751.70101377153,-0.0008544921875,0.0998,9444864,0,1966080,1572864,393216,0.00390625,639.59375,True
20260919T082127Z-hf-opt-layer,2026-09-19T08:21:28.633331+00:00,mn01,reference,facebook/opt-125m,pretrained,0,captured,1,256,256,768,3072,relu,True,True,bf16,8,native_linear,1,3,1484411,1.484411,172458.97531074614,-0.000812530517578125,0.0,9444864,0,0,1572864,393216,0.00390625,639.59375,True
20260919T082127Z-hf-opt-layer,2026-09-19T08:21:28.634867+00:00,mn01,imbps,facebook/opt-125m,pretrained,0,captured,1,256,256,768,3072,relu,True,True,bf16,8,views,1,4,1506764,1.506764,169900.52854992554,-0.0008544921875,0.0998,9444864,0,1966080,1572864,393216,0.00390625,639.59375,True
20260919T082127Z-hf-opt-layer,2026-09-19T08:21:28.636380+00:00,mn01,reference,facebook/opt-125m,pretrained,0,captured,1,256,256,768,3072,relu,True,True,bf16,8,native_linear,1,4,1484311,1.484311,172470.59410056248,-0.000812530517578125,0.0,9444864,0,0,1572864,393216,0.00390625,639.59375,True
20260919T082127Z-hf-opt-layer,2026-09-19T08:21:28.637910+00:00,mn01,imbps,facebook/opt-125m,pretrained,0,captured,1,256,256,768,3072,relu,True,True,bf16,8,views,1,5,1502859,1.502859,170341.9948245311,-0.0008544921875,0.0998,9444864,0,1966080,1572864,393216,0.00390625,639.59375,True
20260919T082127Z-hf-opt-layer,2026-09-19T08:21:28.639429+00:00,mn01,reference,facebook/opt-125m,pretrained,0,captured,1,256,256,768,3072,relu,True,True,bf16,8,native_linear,1,5,1492413,1.492413,171534.2870907718,-0.000812530517578125,0.0,9444864,0,0,1572864,393216,0.00390625,639.59375,True
20260919T082127Z-hf-opt-layer,2026-09-19T08:21:28.640967+00:00,mn01,reference,facebook/opt-125m,pretrained,0,captured,1,256,256,768,3072,relu,True,True,bf16,8,native_linear,1,6,1507505,1.507505,169817.0155322868,-0.000812530517578125,0.0,9444864,0,0,1572864,393216,0.00390625,639.59375,True
20260919T082127Z-hf-opt-layer,2026-09-19T08:21:28.642566+00:00,mn01,imbps,facebook/opt-125m,pretrained,0,captured,1,256,256,768,3072,relu,True,True,bf16,8,views,1,6,1574056,1.574056,162637.16157493764,-0.0008544921875,0.0998,9444864,0,1966080,1572864,393216,0.00390625,639.59375,True
20260919T082127Z-hf-opt-layer,2026-09-19T08:21:28.644073+00:00,mn01,reference,facebook/opt-125m,pretrained,0,captured,1,256,256,768,3072,relu,True,True,bf16,8,native_linear,1,7,1475688,1.475688,173478.40464922125,-0.000812530517578125,0.0,9444864,0,0,1572864,393216,0.00390625,639.59375,True
20260919T082127Z-hf-opt-layer,2026-09-19T08:21:28.645595+00:00,mn01,imbps,facebook/opt-125m,pretrained,0,captured,1,256,256,768,3072,relu,True,True,bf16,8,views,1,7,1497071,1.497071,171000.57378708158,-0.0008544921875,0.0998,9444864,0,1966080,1572864,393216,0.00390625,639.59375,True
20260919T082127Z-hf-opt-layer,2026-09-19T08:21:28.647131+00:00,mn01,imbps,facebook/opt-125m,pretrained,0,captured,1,256,256,768,3072,relu,True,True,bf16,8,views,1,8,1503520,1.50352,170267.10652335853,-0.0008544921875,0.0998,9444864,0,1966080,1572864,393216,0.00390625,639.59375,True
20260919T082127Z-hf-opt-layer,2026-09-19T08:21:28.648649+00:00,mn01,reference,facebook/opt-125m,pretrained,0,captured,1,256,256,768,3072,relu,True,True,bf16,8,native_linear,1,8,1489799,1.489799,171835.26099829574,-0.000812530517578125,0.0,9444864,0,0,1572864,393216,0.00390625,639.59375,True
20260919T082127Z-hf-opt-layer,2026-09-19T08:21:28.650182+00:00,mn01,reference,facebook/opt-125m,pretrained,0,captured,1,256,256,768,3072,relu,True,True,bf16,8,native_linear,1,9,1506224,1.506224,169961.4399983004,-0.000812530517578125,0.0,9444864,0,0,1572864,393216,0.00390625,639.59375,True
20260919T082127Z-hf-opt-layer,2026-09-19T08:21:28.651781+00:00,mn01,imbps,facebook/opt-125m,pretrained,0,captured,1,256,256,768,3072,relu,True,True,bf16,8,views,1,9,1573286,1.573286,162716.75969912656,-0.0008544921875,0.0998,9444864,0,1966080,1572864,393216,0.00390625,639.59375,True
20260919T082127Z-hf-opt-layer,2026-09-19T08:21:28.653292+00:00,mn01,reference,facebook/opt-125m,pretrained,0,captured,1,256,256,768,3072,relu,True,True,bf16,8,native_linear,1,10,1480265,1.480265,172942.0070055024,-0.000812530517578125,0.0,9444864,0,0,1572864,393216,0.00390625,639.59375,True
20260919T082127Z-hf-opt-layer,2026-09-19T08:21:28.654820+00:00,mn01,imbps,facebook/opt-125m,pretrained,0,captured,1,256,256,768,3072,relu,True,True,bf16,8,views,1,10,1502869,1.502869,170340.86137913552,-0.0008544921875,0.0998,9444864,0,1966080,1572864,393216,0.00390625,639.59375,True
20260919T082127Z-hf-opt-layer,2026-09-19T08:21:28.656341+00:00,mn01,imbps,facebook/opt-125m,pretrained,0,captured,1,256,256,768,3072,relu,True,True,bf16,8,views,1,11,1491802,1.491802,171604.54269400364,-0.0008544921875,0.0998,9444864,0,1966080,1572864,393216,0.00390625,639.59375,True
20260919T082127Z-hf-opt-layer,2026-09-19T08:21:28.657851+00:00,mn01,reference,facebook/opt-125m,pretrained,0,captured,1,256,256,768,3072,relu,True,True,bf16,8,native_linear,1,11,1483750,1.48375,172535.8045492839,-0.000812530517578125,0.0,9444864,0,0,1572864,393216,0.00390625,639.59375,True
20260919T082127Z-hf-opt-layer,2026-09-19T08:21:28.659402+00:00,mn01,reference,facebook/opt-125m,pretrained,0,captured,1,256,256,768,3072,relu,True,True,bf16,8,native_linear,1,12,1524311,1.524311,167944.73043886715,-0.000812530517578125,0.0,9444864,0,0,1572864,393216,0.00390625,639.59375,True
20260919T082127Z-hf-opt-layer,2026-09-19T08:21:28.660935+00:00,mn01,imbps,facebook/opt-125m,pretrained,0,captured,1,256,256,768,3072,relu,True,True,bf16,8,views,1,12,1509228,1.509228,169623.1450781459,-0.0008544921875,0.0998,9444864,0,1966080,1572864,393216,0.00390625,639.59375,True
20260919T082127Z-hf-opt-layer,2026-09-19T08:21:28.662447+00:00,mn01,reference,facebook/opt-125m,pretrained,0,captured,1,256,256,768,3072,relu,True,True,bf16,8,native_linear,1,13,1483810,1.48381,172528.82781488198,-0.000812530517578125,0.0,9444864,0,0,1572864,393216,0.00390625,639.59375,True
20260919T082127Z-hf-opt-layer,2026-09-19T08:21:28.663972+00:00,mn01,imbps,facebook/opt-125m,pretrained,0,captured,1,256,256,768,3072,relu,True,True,bf16,8,views,1,13,1497671,1.497671,170932.0671896565,-0.0008544921875,0.0998,9444864,0,1966080,1572864,393216,0.00390625,639.59375,True
20260919T082127Z-hf-opt-layer,2026-09-19T08:21:28.665491+00:00,mn01,imbps,facebook/opt-125m,pretrained,0,captured,1,256,256,768,3072,relu,True,True,bf16,8,views,1,14,1491271,1.491271,171665.64628427697,-0.0008544921875,0.0998,9444864,0,1966080,1572864,393216,0.00390625,639.59375,True
20260919T082127Z-hf-opt-layer,2026-09-19T08:21:28.667013+00:00,mn01,reference,facebook/opt-125m,pretrained,0,captured,1,256,256,768,3072,relu,True,True,bf16,8,native_linear,1,14,1497310,1.49731,170973.27874655215,-0.000812530517578125,0.0,9444864,0,0,1572864,393216,0.00390625,639.59375,True
20260919T082127Z-hf-opt-layer,2026-09-19T08:21:28.668548+00:00,mn01,reference,facebook/opt-125m,pretrained,0,captured,1,256,256,768,3072,relu,True,True,bf16,8,native_linear,1,15,1505122,1.505122,170085.88008148177,-0.000812530517578125,0.0,9444864,0,0,1572864,393216,0.00390625,639.59375,True
20260919T082127Z-hf-opt-layer,2026-09-19T08:21:28.670078+00:00,mn01,imbps,facebook/opt-125m,pretrained,0,captured,1,256,256,768,3072,relu,True,True,bf16,8,views,1,15,1508777,1.508777,169673.8484216024,-0.0008544921875,0.0998,9444864,0,1966080,1572864,393216,0.00390625,639.59375,True
20260919T082127Z-hf-opt-layer,2026-09-19T08:21:28.671617+00:00,mn01,reference,facebook/opt-125m,pretrained,0,captured,1,256,256,768,3072,relu,True,True,bf16,8,native_linear,1,16,1511902,1.511902,169323.14396038896,-0.000812530517578125,0.0,9444864,0,0,1572864,393216,0.00390625,639.59375,True
20260919T082127Z-hf-opt-layer,2026-09-19T08:21:28.673137+00:00,mn01,imbps,facebook/opt-125m,pretrained,0,captured,1,256,256,768,3072,relu,True,True,bf16,8,views,1,16,1495658,1.495658,171162.12396149387,-0.0008544921875,0.0998,9444864,0,1966080,1572864,393216,0.00390625,639.59375,True
20260919T082127Z-hf-opt-layer,2026-09-19T08:21:28.674662+00:00,mn01,imbps,facebook/opt-125m,pretrained,0,captured,1,256,256,768,3072,relu,True,True,bf16,8,views,1,17,1498202,1.498202,170871.484619564,-0.0008544921875,0.0998,9444864,0,1966080,1572864,393216,0.00390625,639.59375,True
20260919T082127Z-hf-opt-layer,2026-09-19T08:21:28.676174+00:00,mn01,reference,facebook/opt-125m,pretrained,0,captured,1,256,256,768,3072,relu,True,True,bf16,8,native_linear,1,17,1487576,1.487576,172092.04773403174,-0.000812530517578125,0.0,9444864,0,0,1572864,393216,0.00390625,639.59375,True
20260919T082127Z-hf-opt-layer,2026-09-19T08:21:28.677698+00:00,mn01,imbps,facebook/opt-125m,pretrained,0,captured,1,256,256,768,3072,relu,True,True,bf16,8,views,1,18,1499844,1.499844,170684.41784612267,-0.0008544921875,0.0998,9444864,0,1966080,1572864,393216,0.00390625,639.59375,True
20260919T082127Z-hf-opt-layer,2026-09-19T08:21:28.679209+00:00,mn01,reference,facebook/opt-125m,pretrained,0,captured,1,256,256,768,3072,relu,True,True,bf16,8,native_linear,1,18,1487385,1.487385,172114.14663990831,-0.000812530517578125,0.0,9444864,0,0,1572864,393216,0.00390625,639.59375,True
20260919T082127Z-hf-opt-layer,2026-09-19T08:21:28.680734+00:00,mn01,imbps,facebook/opt-125m,pretrained,0,captured,1,256,256,768,3072,relu,True,True,bf16,8,views,1,19,1496549,1.496549,171060.2192109981,-0.0008544921875,0.0998,9444864,0,1966080,1572864,393216,0.00390625,639.59375,True
20260919T082127Z-hf-opt-layer,2026-09-19T08:21:28.682241+00:00,mn01,reference,facebook/opt-125m,pretrained,0,captured,1,256,256,768,3072,relu,True,True,bf16,8,native_linear,1,19,1481957,1.481957,172744.55331699908,-0.000812530517578125,0.0,9444864,0,0,1572864,393216,0.00390625,639.59375,True
20260919T082127Z-hf-opt-layer,2026-09-19T08:21:28.683778+00:00,mn01,reference,facebook/opt-125m,pretrained,0,captured,1,256,256,768,3072,relu,True,True,bf16,8,native_linear,1,20,1513505,1.513505,169143.80857678037,-0.000812530517578125,0.0,9444864,0,0,1572864,393216,0.00390625,639.59375,True
20260919T082127Z-hf-opt-layer,2026-09-19T08:21:28.685304+00:00,mn01,imbps,facebook/opt-125m,pretrained,0,captured,1,256,256,768,3072,relu,True,True,bf16,8,views,1,20,1502698,1.502698,170360.24537199092,-0.0008544921875,0.0998,9444864,0,1966080,1572864,393216,0.00390625,639.59375,True
20260919T082127Z-hf-opt-layer,2026-09-19T08:21:28.686812+00:00,mn01,reference,facebook/opt-125m,pretrained,0,captured,1,256,256,768,3072,relu,True,True,bf16,8,native_linear,1,21,1481086,1.481086,172846.14127741402,-0.000812530517578125,0.0,9444864,0,0,1572864,393216,0.00390625,639.59375,True
20260919T082127Z-hf-opt-layer,2026-09-19T08:21:28.688333+00:00,mn01,imbps,facebook/opt-125m,pretrained,0,captured,1,256,256,768,3072,relu,True,True,bf16,8,views,1,21,1497610,1.49761,170939.02952036913,-0.0008544921875,0.0998,9444864,0,1966080,1572864,393216,0.00390625,639.59375,True
20260919T082127Z-hf-opt-layer,2026-09-19T08:21:28.689858+00:00,mn01,imbps,facebook/opt-125m,pretrained,0,captured,1,256,256,768,3072,relu,True,True,bf16,8,views,1,22,1494616,1.494616,171281.45289492418,-0.0008544921875,0.0998,9444864,0,1966080,1572864,393216,0.00390625,639.59375,True
20260919T082127Z-hf-opt-layer,2026-09-19T08:21:28.691378+00:00,mn01,reference,facebook/opt-125m,pretrained,0,captured,1,256,256,768,3072,relu,True,True,bf16,8,native_linear,1,22,1495789,1.495789,171147.13372006346,-0.000812530517578125,0.0,9444864,0,0,1572864,393216,0.00390625,639.59375,True
20260919T082127Z-hf-opt-layer,2026-09-19T08:21:28.692911+00:00,mn01,imbps,facebook/opt-125m,pretrained,0,captured,1,256,256,768,3072,relu,True,True,bf16,8,views,1,23,1500185,1.500185,170645.62037348727,-0.0008544921875,0.0998,9444864,0,1966080,1572864,393216,0.00390625,639.59375,True
20260919T082127Z-hf-opt-layer,2026-09-19T08:21:28.694438+00:00,mn01,reference,facebook/opt-125m,pretrained,0,captured,1,256,256,768,3072,relu,True,True,bf16,8,native_linear,1,23,1502158,1.502158,170421.48695410203,-0.000812530517578125,0.0,9444864,0,0,1572864,393216,0.00390625,639.59375,True
20260919T082127Z-hf-opt-layer,2026-09-19T08:21:28.696080+00:00,mn01,reference,facebook/opt-125m,pretrained,0,captured,1,256,256,768,3072,relu,True,True,bf16,8,native_linear,1,24,1615109,1.615109,158503.23414704518,-0.000812530517578125,0.0,9444864,0,0,1572864,393216,0.00390625,639.59375,True
20260919T082127Z-hf-opt-layer,2026-09-19T08:21:28.697617+00:00,mn01,imbps,facebook/opt-125m,pretrained,0,captured,1,256,256,768,3072,relu,True,True,bf16,8,views,1,24,1509108,1.509108,169636.633030903,-0.0008544921875,0.0998,9444864,0,1966080,1572864,393216,0.00390625,639.59375,True
20260919T082127Z-hf-opt-layer,2026-09-19T08:21:28.699138+00:00,mn01,reference,facebook/opt-125m,pretrained,0,captured,1,256,256,768,3072,relu,True,True,bf16,8,native_linear,1,25,1490991,1.490991,171697.88415892515,-0.000812530517578125,0.0,9444864,0,0,1572864,393216,0.00390625,639.59375,True
20260919T082127Z-hf-opt-layer,2026-09-19T08:21:28.700669+00:00,mn01,imbps,facebook/opt-125m,pretrained,0,captured,1,256,256,768,3072,relu,True,True,bf16,8,views,1,25,1504772,1.504772,170125.44093058616,-0.0008544921875,0.0998,9444864,0,1966080,1572864,393216,0.00390625,639.59375,True
20260919T082127Z-hf-opt-layer,2026-09-19T08:21:28.702171+00:00,mn01,reference,facebook/opt-125m,pretrained,0,captured,1,256,256,768,3072,relu,True,True,bf16,8,native_linear,1,26,1473525,1.473525,173733.05508898728,-0.000812530517578125,0.0,9444864,0,0,1572864,393216,0.00390625,639.59375,True
20260919T082127Z-hf-opt-layer,2026-09-19T08:21:28.703693+00:00,mn01,imbps,facebook/opt-125m,pretrained,0,captured,1,256,256,768,3072,relu,True,True,bf16,8,views,1,26,1498382,1.498382,170850.9578999214,-0.0008544921875,0.0998,9444864,0,1966080,1572864,393216,0.00390625,639.59375,True
20260919T082127Z-hf-opt-layer,2026-09-19T08:21:28.705203+00:00,mn01,reference,facebook/opt-125m,pretrained,0,captured,1,256,256,768,3072,relu,True,True,bf16,8,native_linear,1,27,1481687,1.481687,172776.03164501005,-0.000812530517578125,0.0,9444864,0,0,1572864,393216,0.00390625,639.59375,True
20260919T082127Z-hf-opt-layer,2026-09-19T08:21:28.706764+00:00,mn01,imbps,facebook/opt-125m,pretrained,0,captured,1,256,256,768,3072,relu,True,True,bf16,8,views,1,27,1536369,1.536369,166626.6372206156,-0.0008544921875,0.0998,9444864,0,1966080,1572864,393216,0.00390625,639.59375,True
20260919T082127Z-hf-opt-layer,2026-09-19T08:21:28.708293+00:00,mn01,imbps,facebook/opt-125m,pretrained,0,captured,1,256,256,768,3072,relu,True,True,bf16,8,views,1,28,1498192,1.498192,170872.62513749907,-0.0008544921875,0.0998,9444864,0,1966080,1572864,393216,0.00390625,639.59375,True
20260919T082127Z-hf-opt-layer,2026-09-19T08:21:28.709807+00:00,mn01,reference,facebook/opt-125m,pretrained,0,captured,1,256,256,768,3072,relu,True,True,bf16,8,native_linear,1,28,1487124,1.487124,172144.35379968313,-0.000812530517578125,0.0,9444864,0,0,1572864,393216,0.00390625,639.59375,True
20260919T082127Z-hf-opt-layer,2026-09-19T08:21:28.711341+00:00,mn01,imbps,facebook/opt-125m,pretrained,0,captured,1,256,256,768,3072,relu,True,True,bf16,8,views,1,29,1506214,1.506214,169962.56839997502,-0.0008544921875,0.0998,9444864,0,1966080,1572864,393216,0.00390625,639.59375,True
20260919T082127Z-hf-opt-layer,2026-09-19T08:21:28.712852+00:00,mn01,reference,facebook/opt-125m,pretrained,0,captured,1,256,256,768,3072,relu,True,True,bf16,8,native_linear,1,29,1484100,1.4841,172495.11488444175,-0.000812530517578125,0.0,9444864,0,0,1572864,393216,0.00390625,639.59375,True
20260919T082127Z-hf-opt-layer,2026-09-19T08:21:28.822699+00:00,mn01,imbps,facebook/opt-125m,pretrained,0,captured,1,256,256,768,3072,relu,True,True,bf16,8,views,2,0,1569048,1.569048,163156.25780728186,-0.00079345703125,0.083666,9444864,0,1179648,786432,393216,0.00390625,767.59375,True
20260919T082127Z-hf-opt-layer,2026-09-19T08:21:28.824266+00:00,mn01,reference,facebook/opt-125m,pretrained,0,captured,1,256,256,768,3072,relu,True,True,bf16,8,native_linear,2,0,1497140,1.49714,170992.69273414643,-0.000812530517578125,0.0,9444864,0,0,1572864,393216,0.00390625,767.59375,True
20260919T082127Z-hf-opt-layer,2026-09-19T08:21:28.825884+00:00,mn01,reference,facebook/opt-125m,pretrained,0,captured,1,256,256,768,3072,relu,True,True,bf16,8,native_linear,2,1,1586815,1.586815,161329.45554459718,-0.000812530517578125,0.0,9444864,0,0,1572864,393216,0.00390625,767.59375,True
20260919T082127Z-hf-opt-layer,2026-09-19T08:21:28.827499+00:00,mn01,imbps,facebook/opt-125m,pretrained,0,captured,1,256,256,768,3072,relu,True,True,bf16,8,views,2,1,1588177,1.588177,161191.10149561416,-0.00079345703125,0.083666,9444864,0,1179648,786432,393216,0.00390625,767.59375,True
20260919T082127Z-hf-opt-layer,2026-09-19T08:21:28.829097+00:00,mn01,imbps,facebook/opt-125m,pretrained,0,captured,1,256,256,768,3072,relu,True,True,bf16,8,views,2,2,1565924,1.565924,163481.75262656424,-0.00079345703125,0.083666,9444864,0,1179648,786432,393216,0.00390625,767.59375,True
20260919T082127Z-hf-opt-layer,2026-09-19T08:21:28.830618+00:00,mn01,reference,facebook/opt-125m,pretrained,0,captured,1,256,256,768,3072,relu,True,True,bf16,8,native_linear,2,2,1492724,1.492724,171498.5489614959,-0.000812530517578125,0.0,9444864,0,0,1572864,393216,0.00390625,767.59375,True
20260919T082127Z-hf-opt-layer,2026-09-19T08:21:28.832126+00:00,mn01,reference,facebook/opt-125m,pretrained,0,captured,1,256,256,768,3072,relu,True,True,bf16,8,native_linear,2,3,1477761,1.477761,173235.0495107125,-0.000812530517578125,0.0,9444864,0,0,1572864,393216,0.00390625,767.59375,True
20260919T082127Z-hf-opt-layer,2026-09-19T08:21:28.833723+00:00,mn01,imbps,facebook/opt-125m,pretrained,0,captured,1,256,256,768,3072,relu,True,True,bf16,8,views,2,3,1572694,1.572694,162778.01021686356,-0.00079345703125,0.083666,9444864,0,1179648,786432,393216,0.00390625,767.59375,True
20260919T082127Z-hf-opt-layer,2026-09-19T08:21:28.835323+00:00,mn01,imbps,facebook/opt-125m,pretrained,0,captured,1,256,256,768,3072,relu,True,True,bf16,8,views,2,4,1570180,1.57018,163038.63251346978,-0.00079345703125,0.083666,9444864,0,1179648,786432,393216,0.00390625,767.59375,True
20260919T082127Z-hf-opt-layer,2026-09-19T08:21:28.836834+00:00,mn01,reference,facebook/opt-125m,pretrained,0,captured,1,256,256,768,3072,relu,True,True,bf16,8,native_linear,2,4,1483119,1.483119,172609.21072415632,-0.000812530517578125,0.0,9444864,0,0,1572864,393216,0.00390625,767.59375,True
20260919T082127Z-hf-opt-layer,2026-09-19T08:21:28.838433+00:00,mn01,imbps,facebook/opt-125m,pretrained,0,captured,1,256,256,768,3072,relu,True,True,bf16,8,views,2,5,1573696,1.573696,162674.3665866851,-0.00079345703125,0.083666,9444864,0,1179648,786432,393216,0.00390625,767.59375,True
20260919T082127Z-hf-opt-layer,2026-09-19T08:21:28.839937+00:00,mn01,reference,facebook/opt-125m,pretrained,0,captured,1,256,256,768,3072,relu,True,True,bf16,8,native_linear,2,5,1478062,1.478062,173199.77105155264,-0.000812530517578125,0.0,9444864,0,0,1572864,393216,0.00390625,767.59375,True
20260919T082127Z-hf-opt-layer,2026-09-19T08:21:28.841535+00:00,mn01,imbps,facebook/opt-125m,pretrained,0,captured,1,256,256,768,3072,relu,True,True,bf16,8,views,2,6,1570170,1.57017,163039.67086366445,-0.00079345703125,0.083666,9444864,0,1179648,786432,393216,0.00390625,767.59375,True
20260919T082127Z-hf-opt-layer,2026-09-19T08:21:28.843050+00:00,mn01,reference,facebook/opt-125m,pretrained,0,captured,1,256,256,768,3072,relu,True,True,bf16,8,native_linear,2,6,1489389,1.489389,171882.56392386407,-0.000812530517578125,0.0,9444864,0,0,1572864,393216,0.00390625,767.59375,True
20260919T082127Z-hf-opt-layer,2026-09-19T08:21:28.844649+00:00,mn01,imbps,facebook/opt-125m,pretrained,0,captured,1,256,256,768,3072,relu,True,True,bf16,8,views,2,7,1571051,1.571051,162948.24292782348,-0.00079345703125,0.083666,9444864,0,1179648,786432,393216,0.00390625,767.59375,True
20260919T082127Z-hf-opt-layer,2026-09-19T08:21:28.846150+00:00,mn01,reference,facebook/opt-125m,pretrained,0,captured,1,256,256,768,3072,relu,True,True,bf16,8,native_linear,2,7,1476098,1.476098,173430.2194027768,-0.000812530517578125,0.0,9444864,0,0,1572864,393216,0.00390625,767.59375,True
20260919T082127Z-hf-opt-layer,2026-09-19T08:21:28.847756+00:00,mn01,imbps,facebook/opt-125m,pretrained,0,captured,1,256,256,768,3072,relu,True,True,bf16,8,views,2,8,1579625,1.579625,162063.78096067105,-0.00079345703125,0.083666,9444864,0,1179648,786432,393216,0.00390625,767.59375,True
20260919T082127Z-hf-opt-layer,2026-09-19T08:21:28.849258+00:00,mn01,reference,facebook/opt-125m,pretrained,0,captured,1,256,256,768,3072,relu,True,True,bf16,8,native_linear,2,8,1475237,1.475237,173531.43935516803,-0.000812530517578125,0.0,9444864,0,0,1572864,393216,0.00390625,767.59375,True
20260919T082127Z-hf-opt-layer,2026-09-19T08:21:28.850864+00:00,mn01,imbps,facebook/opt-125m,pretrained,0,captured,1,256,256,768,3072,relu,True,True,bf16,8,views,2,9,1580456,1.580456,161978.56821069363,-0.00079345703125,0.083666,9444864,0,1179648,786432,393216,0.00390625,767.59375,True
20260919T082127Z-hf-opt-layer,2026-09-19T08:21:28.852367+00:00,mn01,reference,facebook/opt-125m,pretrained,0,captured,1,256,256,768,3072,relu,True,True,bf16,8,native_linear,2,9,1476449,1.476449,173388.98939279313,-0.000812530517578125,0.0,9444864,0,0,1572864,393216,0.00390625,767.59375,True
20260919T082127Z-hf-opt-layer,2026-09-19T08:21:28.853968+00:00,mn01,imbps,facebook/opt-125m,pretrained,0,captured,1,256,256,768,3072,relu,True,True,bf16,8,views,2,10,1574187,1.574187,162623.62730730211,-0.00079345703125,0.083666,9444864,0,1179648,786432,393216,0.00390625,767.59375,True
20260919T082127Z-hf-opt-layer,2026-09-19T08:21:28.855479+00:00,mn01,reference,facebook/opt-125m,pretrained,0,captured,1,256,256,768,3072,relu,True,True,bf16,8,native_linear,2,10,1485833,1.485833,172293.92536038707,-0.000812530517578125,0.0,9444864,0,0,1572864,393216,0.00390625,767.59375,True
20260919T082127Z-hf-opt-layer,2026-09-19T08:21:28.857086+00:00,mn01,imbps,facebook/opt-125m,pretrained,0,captured,1,256,256,768,3072,relu,True,True,bf16,8,views,2,11,1579064,1.579064,162121.35796902468,-0.00079345703125,0.083666,9444864,0,1179648,786432,393216,0.00390625,767.59375,True
20260919T082127Z-hf-opt-layer,2026-09-19T08:21:28.858591+00:00,mn01,reference,facebook/opt-125m,pretrained,0,captured,1,256,256,768,3072,relu,True,True,bf16,8,native_linear,2,11,1479533,1.479533,173027.57018599787,-0.000812530517578125,0.0,9444864,0,0,1572864,393216,0.00390625,767.59375,True
20260919T082127Z-hf-opt-layer,2026-09-19T08:21:28.860209+00:00,mn01,imbps,facebook/opt-125m,pretrained,0,captured,1,256,256,768,3072,relu,True,True,bf16,8,views,2,12,1583461,1.583461,161671.1747242275,-0.00079345703125,0.083666,9444864,0,1179648,786432,393216,0.00390625,767.59375,True
20260919T082127Z-hf-opt-layer,2026-09-19T08:21:28.861713+00:00,mn01,reference,facebook/opt-125m,pretrained,0,captured,1,256,256,768,3072,relu,True,True,bf16,8,native_linear,2,12,1476438,1.476438,173390.2812038162,-0.000812530517578125,0.0,9444864,0,0,1572864,393216,0.00390625,767.59375,True
20260919T082127Z-hf-opt-layer,2026-09-19T08:21:28.863321+00:00,mn01,imbps,facebook/opt-125m,pretrained,0,captured,1,256,256,768,3072,relu,True,True,bf16,8,views,2,13,1580717,1.580717,161951.82312836518,-0.00079345703125,0.083666,9444864,0,1179648,786432,393216,0.00390625,767.59375,True
20260919T082127Z-hf-opt-layer,2026-09-19T08:21:28.864829+00:00,mn01,reference,facebook/opt-125m,pretrained,0,captured,1,256,256,768,3072,relu,True,True,bf16,8,native_linear,2,13,1481296,1.481296,172821.6372689861,-0.000812530517578125,0.0,9444864,0,0,1572864,393216,0.00390625,767.59375,True
20260919T082127Z-hf-opt-layer,2026-09-19T08:21:28.866433+00:00,mn01,imbps,facebook/opt-125m,pretrained,0,captured,1,256,256,768,3072,relu,True,True,bf16,8,views,2,14,1576560,1.57656,162378.85015476734,-0.00079345703125,0.083666,9444864,0,1179648,786432,393216,0.00390625,767.59375,True
20260919T082127Z-hf-opt-layer,2026-09-19T08:21:28.867939+00:00,mn01,reference,facebook/opt-125m,pretrained,0,captured,1,256,256,768,3072,relu,True,True,bf16,8,native_linear,2,14,1479163,1.479163,173070.85155591372,-0.000812530517578125,0.0,9444864,0,0,1572864,393216,0.00390625,767.59375,True
20260919T082127Z-hf-opt-layer,2026-09-19T08:21:28.869539+00:00,mn01,imbps,facebook/opt-125m,pretrained,0,captured,1,256,256,768,3072,relu,True,True,bf16,8,views,2,15,1573736,1.573736,162670.23185591484,-0.00079345703125,0.083666,9444864,0,1179648,786432,393216,0.00390625,767.59375,True
20260919T082127Z-hf-opt-layer,2026-09-19T08:21:28.871053+00:00,mn01,reference,facebook/opt-125m,pretrained,0,captured,1,256,256,768,3072,relu,True,True,bf16,8,native_linear,2,15,1486865,1.486865,172174.33997034028,-0.000812530517578125,0.0,9444864,0,0,1572864,393216,0.00390625,767.59375,True
20260919T082127Z-hf-opt-layer,2026-09-19T08:21:28.872555+00:00,mn01,reference,facebook/opt-125m,pretrained,0,captured,1,256,256,768,3072,relu,True,True,bf16,8,native_linear,2,16,1474296,1.474296,173642.1993955081,-0.000812530517578125,0.0,9444864,0,0,1572864,393216,0.00390625,767.59375,True
20260919T082127Z-hf-opt-layer,2026-09-19T08:21:28.874150+00:00,mn01,imbps,facebook/opt-125m,pretrained,0,captured,1,256,256,768,3072,relu,True,True,bf16,8,views,2,16,1571142,1.571142,162938.80502207947,-0.00079345703125,0.083666,9444864,0,1179648,786432,393216,0.00390625,767.59375,True
20260919T082127Z-hf-opt-layer,2026-09-19T08:21:28.875750+00:00,mn01,imbps,facebook/opt-125m,pretrained,0,captured,1,256,256,768,3072,relu,True,True,bf16,8,views,2,17,1573125,1.573125,162733.41279300753,-0.00079345703125,0.083666,9444864,0,1179648,786432,393216,0.00390625,767.59375,True
20260919T082127Z-hf-opt-layer,2026-09-19T08:21:28.877258+00:00,mn01,reference,facebook/opt-125m,pretrained,0,captured,1,256,256,768,3072,relu,True,True,bf16,8,native_linear,2,17,1479773,1.479773,172999.50735687162,-0.000812530517578125,0.0,9444864,0,0,1572864,393216,0.00390625,767.59375,True
20260919T082127Z-hf-opt-layer,2026-09-19T08:21:28.878885+00:00,mn01,imbps,facebook/opt-125m,pretrained,0,captured,1,256,256,768,3072,relu,True,True,bf16,8,views,2,18,1601758,1.601758,159824.3929482481,-0.00079345703125,0.083666,9444864,0,1179648,786432,393216,0.00390625,767.59375,True
20260919T082127Z-hf-opt-layer,2026-09-19T08:21:28.880394+00:00,mn01,reference,facebook/opt-125m,pretrained,0,captured,1,256,256,768,3072,relu,True,True,bf16,8,native_linear,2,18,1481757,1.481757,172767.86949547057,-0.000812530517578125,0.0,9444864,0,0,1572864,393216,0.00390625,767.59375,True
20260919T082127Z-hf-opt-layer,2026-09-19T08:21:28.881898+00:00,mn01,reference,facebook/opt-125m,pretrained,0,captured,1,256,256,768,3072,relu,True,True,bf16,8,native_linear,2,19,1476118,1.476118,173427.8695876617,-0.000812530517578125,0.0,9444864,0,0,1572864,393216,0.00390625,767.59375,True
20260919T082127Z-hf-opt-layer,2026-09-19T08:21:28.883503+00:00,mn01,imbps,facebook/opt-125m,pretrained,0,captured,1,256,256,768,3072,relu,True,True,bf16,8,views,2,19,1581768,1.581768,161844.21482796464,-0.00079345703125,0.083666,9444864,0,1179648,786432,393216,0.00390625,767.59375,True
20260919T082127Z-hf-opt-layer,2026-09-19T08:21:28.885089+00:00,mn01,imbps,facebook/opt-125m,pretrained,0,captured,1,256,256,768,3072,relu,True,True,bf16,8,views,2,20,1556180,1.55618,164505.3914071637,-0.00079345703125,0.083666,9444864,0,1179648,786432,393216,0.00390625,767.59375,True
20260919T082127Z-hf-opt-layer,2026-09-19T08:21:28.886602+00:00,mn01,reference,facebook/opt-125m,pretrained,0,captured,1,256,256,768,3072,relu,True,True,bf16,8,native_linear,2,20,1489529,1.489529,171866.40877753973,-0.000812530517578125,0.0,9444864,0,0,1572864,393216,0.00390625,767.59375,True
20260919T082127Z-hf-opt-layer,2026-09-19T08:21:28.888104+00:00,mn01,reference,facebook/opt-125m,pretrained,0,captured,1,256,256,768,3072,relu,True,True,bf16,8,native_linear,2,21,1474896,1.474896,173571.56029984486,-0.000812530517578125,0.0,9444864,0,0,1572864,393216,0.00390625,767.59375,True
20260919T082127Z-hf-opt-layer,2026-09-19T08:21:28.889698+00:00,mn01,imbps,facebook/opt-125m,pretrained,0,captured,1,256,256,768,3072,relu,True,True,bf16,8,views,2,21,1571232,1.571232,162929.47190484917,-0.00079345703125,0.083666,9444864,0,1179648,786432,393216,0.00390625,767.59375,True
20260919T082127Z-hf-opt-layer,2026-09-19T08:21:28.891211+00:00,mn01,reference,facebook/opt-125m,pretrained,0,captured,1,256,256,768,3072,relu,True,True,bf16,8,native_linear,2,22,1484892,1.484892,172403.11079863046,-0.000812530517578125,0.0,9444864,0,0,1572864,393216,0.00390625,767.59375,True
20260919T082127Z-hf-opt-layer,2026-09-19T08:21:28.892811+00:00,mn01,imbps,facebook/opt-125m,pretrained,0,captured,1,256,256,768,3072,relu,True,True,bf16,8,views,2,22,1573836,1.573836,162659.8959484978,-0.00079345703125,0.083666,9444864,0,1179648,786432,393216,0.00390625,767.59375,True
20260919T082127Z-hf-opt-layer,2026-09-19T08:21:28.894321+00:00,mn01,reference,facebook/opt-125m,pretrained,0,captured,1,256,256,768,3072,relu,True,True,bf16,8,native_linear,2,23,1481247,1.481247,172827.35424949383,-0.000812530517578125,0.0,9444864,0,0,1572864,393216,0.00390625,767.59375,True
20260919T082127Z-hf-opt-layer,2026-09-19T08:21:28.895920+00:00,mn01,imbps,facebook/opt-125m,pretrained,0,captured,1,256,256,768,3072,relu,True,True,bf16,8,views,2,23,1574217,1.574217,162620.5281736889,-0.00079345703125,0.083666,9444864,0,1179648,786432,393216,0.00390625,767.59375,True
20260919T082127Z-hf-opt-layer,2026-09-19T08:21:28.897509+00:00,mn01,imbps,facebook/opt-125m,pretrained,0,captured,1,256,256,768,3072,relu,True,True,bf16,8,views,2,24,1561478,1.561478,163947.23460721187,-0.00079345703125,0.083666,9444864,0,1179648,786432,393216,0.00390625,767.59375,True
20260919T082127Z-hf-opt-layer,2026-09-19T08:21:28.899027+00:00,mn01,reference,facebook/opt-125m,pretrained,0,captured,1,256,256,768,3072,relu,True,True,bf16,8,native_linear,2,24,1490240,1.49024,171784.41056474124,-0.000812530517578125,0.0,9444864,0,0,1572864,393216,0.00390625,767.59375,True
20260919T082127Z-hf-opt-layer,2026-09-19T08:21:28.900531+00:00,mn01,reference,facebook/opt-125m,pretrained,0,captured,1,256,256,768,3072,relu,True,True,bf16,8,native_linear,2,25,1475798,1.475798,173465.47427222427,-0.000812530517578125,0.0,9444864,0,0,1572864,393216,0.00390625,767.59375,True
20260919T082127Z-hf-opt-layer,2026-09-19T08:21:28.902128+00:00,mn01,imbps,facebook/opt-125m,pretrained,0,captured,1,256,256,768,3072,relu,True,True,bf16,8,views,2,25,1574306,1.574306,162611.33477227428,-0.00079345703125,0.083666,9444864,0,1179648,786432,393216,0.00390625,767.59375,True
20260919T082127Z-hf-opt-layer,2026-09-19T08:21:28.903648+00:00,mn01,reference,facebook/opt-125m,pretrained,0,captured,1,256,256,768,3072,relu,True,True,bf16,8,native_linear,2,26,1487696,1.487696,172078.16650713587,-0.000812530517578125,0.0,9444864,0,0,1572864,393216,0.00390625,767.59375,True
20260919T082127Z-hf-opt-layer,2026-09-19T08:21:28.905252+00:00,mn01,imbps,facebook/opt-125m,pretrained,0,captured,1,256,256,768,3072,relu,True,True,bf16,8,views,2,26,1578643,1.578643,162164.59326142768,-0.00079345703125,0.083666,9444864,0,1179648,786432,393216,0.00390625,767.59375,True
20260919T082127Z-hf-opt-layer,2026-09-19T08:21:28.906846+00:00,mn01,imbps,facebook/opt-125m,pretrained,0,captured,1,256,256,768,3072,relu,True,True,bf16,8,views,2,27,1564642,1.564642,163615.70250574892,-0.00079345703125,0.083666,9444864,0,1179648,786432,393216,0.00390625,767.59375,True
20260919T082127Z-hf-opt-layer,2026-09-19T08:21:28.908354+00:00,mn01,reference,facebook/opt-125m,pretrained,0,captured,1,256,256,768,3072,relu,True,True,bf16,8,native_linear,2,27,1481526,1.481526,172794.80751603414,-0.000812530517578125,0.0,9444864,0,0,1572864,393216,0.00390625,767.59375,True
20260919T082127Z-hf-opt-layer,2026-09-19T08:21:28.909855+00:00,mn01,reference,facebook/opt-125m,pretrained,0,captured,1,256,256,768,3072,relu,True,True,bf16,8,native_linear,2,28,1473234,1.473234,173767.37164632368,-0.000812530517578125,0.0,9444864,0,0,1572864,393216,0.00390625,767.59375,True
20260919T082127Z-hf-opt-layer,2026-09-19T08:21:28.911458+00:00,mn01,imbps,facebook/opt-125m,pretrained,0,captured,1,256,256,768,3072,relu,True,True,bf16,8,views,2,28,1579074,1.579074,162120.33128276447,-0.00079345703125,0.083666,9444864,0,1179648,786432,393216,0.00390625,767.59375,True
20260919T082127Z-hf-opt-layer,2026-09-19T08:21:28.912968+00:00,mn01,reference,facebook/opt-125m,pretrained,0,captured,1,256,256,768,3072,relu,True,True,bf16,8,native_linear,2,29,1478872,1.478872,173104.90698316015,-0.000812530517578125,0.0,9444864,0,0,1572864,393216,0.00390625,767.59375,True
20260919T082127Z-hf-opt-layer,2026-09-19T08:21:28.914570+00:00,mn01,imbps,facebook/opt-125m,pretrained,0,captured,1,256,256,768,3072,relu,True,True,bf16,8,views,2,29,1578683,1.578683,162160.48440377202,-0.00079345703125,0.083666,9444864,0,1179648,786432,393216,0.00390625,767.59375,True
20260919T082127Z-hf-opt-layer,2026-09-19T08:21:29.024698+00:00,mn01,imbps,facebook/opt-125m,pretrained,0,captured,1,256,256,768,3072,relu,True,True,bf16,8,views,4,0,1699866,1.699866,150600.10612601228,-0.00054931640625,0.116586,9444864,0,786432,393216,393216,1.0,767.59375,True
20260919T082127Z-hf-opt-layer,2026-09-19T08:21:29.026257+00:00,mn01,reference,facebook/opt-125m,pretrained,0,captured,1,256,256,768,3072,relu,True,True,bf16,8,native_linear,4,0,1486995,1.486995,172159.28769094718,-0.000812530517578125,0.0,9444864,0,0,1572864,393216,1.0,767.59375,True
20260919T082127Z-hf-opt-layer,2026-09-19T08:21:29.028019+00:00,mn01,imbps,facebook/opt-125m,pretrained,0,captured,1,256,256,768,3072,relu,True,True,bf16,8,views,4,1,1729891,1.729891,147986.20259889206,-0.00054931640625,0.116586,9444864,0,786432,393216,393216,1.0,767.59375,True
20260919T082127Z-hf-opt-layer,2026-09-19T08:21:29.029530+00:00,mn01,reference,facebook/opt-125m,pretrained,0,captured,1,256,256,768,3072,relu,True,True,bf16,8,native_linear,4,1,1479434,1.479434,173039.1487555376,-0.000812530517578125,0.0,9444864,0,0,1572864,393216,1.0,767.59375,True
20260919T082127Z-hf-opt-layer,2026-09-19T08:21:29.031311+00:00,mn01,imbps,facebook/opt-125m,pretrained,0,captured,1,256,256,768,3072,relu,True,True,bf16,8,views,4,2,1753277,1.753277,146012.29583231857,-0.00054931640625,0.116586,9444864,0,786432,393216,393216,1.0,767.59375,True
20260919T082127Z-hf-opt-layer,2026-09-19T08:21:29.032817+00:00,mn01,reference,facebook/opt-125m,pretrained,0,captured,1,256,256,768,3072,relu,True,True,bf16,8,native_linear,4,2,1477481,1.477481,173267.8795869456,-0.000812530517578125,0.0,9444864,0,0,1572864,393216,1.0,767.59375,True
20260919T082127Z-hf-opt-layer,2026-09-19T08:21:29.034440+00:00,mn01,reference,facebook/opt-125m,pretrained,0,captured,1,256,256,768,3072,relu,True,True,bf16,8,native_linear,4,3,1594857,1.594857,160515.95848405216,-0.000812530517578125,0.0,9444864,0,0,1572864,393216,1.0,767.59375,True
20260919T082127Z-hf-opt-layer,2026-09-19T08:21:29.036189+00:00,mn01,imbps,facebook/opt-125m,pretrained,0,captured,1,256,256,768,3072,relu,True,True,bf16,8,views,4,3,1719586,1.719586,148873.0426974865,-0.00054931640625,0.116586,9444864,0,786432,393216,393216,1.0,767.59375,True
20260919T082127Z-hf-opt-layer,2026-09-19T08:21:29.037915+00:00,mn01,imbps,facebook/opt-125m,pretrained,0,captured,1,256,256,768,3072,relu,True,True,bf16,8,views,4,4,1694288,1.694288,151095.91757717697,-0.00054931640625,0.116586,9444864,0,786432,393216,393216,1.0,767.59375,True
20260919T082127Z-hf-opt-layer,2026-09-19T08:21:29.039432+00:00,mn01,reference,facebook/opt-125m,pretrained,0,captured,1,256,256,768,3072,relu,True,True,bf16,8,native_linear,4,4,1487345,1.487345,172118.77540180658,-0.000812530517578125,0.0,9444864,0,0,1572864,393216,1.0,767.59375,True
20260919T082127Z-hf-opt-layer,2026-09-19T08:21:29.041169+00:00,mn01,imbps,facebook/opt-125m,pretrained,0,captured,1,256,256,768,3072,relu,True,True,bf16,8,views,4,5,1708279,1.708279,149858.4247655096,-0.00054931640625,0.116586,9444864,0,786432,393216,393216,1.0,767.59375,True
20260919T082127Z-hf-opt-layer,2026-09-19T08:21:29.042674+00:00,mn01,reference,facebook/opt-125m,pretrained,0,captured,1,256,256,768,3072,relu,True,True,bf16,8,native_linear,4,5,1478662,1.478662,173129.49139154181,-0.000812530517578125,0.0,9444864,0,0,1572864,393216,1.0,767.59375,True
20260919T082127Z-hf-opt-layer,2026-09-19T08:21:29.044409+00:00,mn01,imbps,facebook/opt-125m,pretrained,0,captured,1,256,256,768,3072,relu,True,True,bf16,8,views,4,6,1707227,1.707227,149950.76811695224,-0.00054931640625,0.116586,9444864,0,786432,393216,393216,1.0,767.59375,True
20260919T082127Z-hf-opt-layer,2026-09-19T08:21:29.045911+00:00,mn01,reference,facebook/opt-125m,pretrained,0,captured,1,256,256,768,3072,relu,True,True,bf16,8,native_linear,4,6,1476279,1.476279,173408.95589519324,-0.000812530517578125,0.0,9444864,0,0,1572864,393216,1.0,767.59375,True
20260919T082127Z-hf-opt-layer,2026-09-19T08:21:29.047415+00:00,mn01,reference,facebook/opt-125m,pretrained,0,captured,1,256,256,768,3072,relu,True,True,bf16,8,native_linear,4,7,1477530,1.47753,173262.13342537885,-0.000812530517578125,0.0,9444864,0,0,1572864,393216,1.0,767.59375,True
20260919T082127Z-hf-opt-layer,2026-09-19T08:21:29.049144+00:00,mn01,imbps,facebook/opt-125m,pretrained,0,captured,1,256,256,768,3072,relu,True,True,bf16,8,views,4,7,1704583,1.704583,150183.3586278873,-0.00054931640625,0.116586,9444864,0,786432,393216,393216,1.0,767.59375,True
20260919T082127Z-hf-opt-layer,2026-09-19T08:21:29.050871+00:00,mn01,imbps,facebook/opt-125m,pretrained,0,captured,1,256,256,768,3072,relu,True,True,bf16,8,views,4,8,1698694,1.698694,150704.01143466687,-0.00054931640625,0.116586,9444864,0,786432,393216,393216,1.0,767.59375,True
20260919T082127Z-hf-opt-layer,2026-09-19T08:21:29.052380+00:00,mn01,reference,facebook/opt-125m,pretrained,0,captured,1,256,256,768,3072,relu,True,True,bf16,8,native_linear,4,8,1481737,1.481737,172770.2014595033,-0.000812530517578125,0.0,9444864,0,0,1572864,393216,1.0,767.59375,True
20260919T082127Z-hf-opt-layer,2026-09-19T08:21:29.054112+00:00,mn01,imbps,facebook/opt-125m,pretrained,0,captured,1,256,256,768,3072,relu,True,True,bf16,8,views,4,9,1706456,1.706456,150018.5179108046,-0.00054931640625,0.116586,9444864,0,786432,393216,393216,1.0,767.59375,True
20260919T082127Z-hf-opt-layer,2026-09-19T08:21:29.055620+00:00,mn01,reference,facebook/opt-125m,pretrained,0,captured,1,256,256,768,3072,relu,True,True,bf16,8,native_linear,4,9,1483250,1.48325,172593.96595314343,-0.000812530517578125,0.0,9444864,0,0,1572864,393216,1.0,767.59375,True
20260919T082127Z-hf-opt-layer,2026-09-19T08:21:29.057363+00:00,mn01,imbps,facebook/opt-125m,pretrained,0,captured,1,256,256,768,3072,relu,True,True,bf16,8,views,4,10,1713046,1.713046,149441.40437559763,-0.00054931640625,0.116586,9444864,0,786432,393216,393216,1.0,767.59375,True
20260919T082127Z-hf-opt-layer,2026-09-19T08:21:29.058871+00:00,mn01,reference,facebook/opt-125m,pretrained,0,captured,1,256,256,768,3072,relu,True,True,bf16,8,native_linear,4,10,1482818,1.482818,172644.248990773,-0.000812530517578125,0.0,9444864,0,0,1572864,393216,1.0,767.59375,True
20260919T082127Z-hf-opt-layer,2026-09-19T08:21:29.060371+00:00,mn01,reference,facebook/opt-125m,pretrained,0,captured,1,256,256,768,3072,relu,True,True,bf16,8,native_linear,4,11,1473734,1.473734,173708.41685134495,-0.000812530517578125,0.0,9444864,0,0,1572864,393216,1.0,767.59375,True
20260919T082127Z-hf-opt-layer,2026-09-19T08:21:29.062102+00:00,mn01,imbps,facebook/opt-125m,pretrained,0,captured,1,256,256,768,3072,relu,True,True,bf16,8,views,4,11,1706266,1.706266,150035.22311292612,-0.00054931640625,0.116586,9444864,0,786432,393216,393216,1.0,767.59375,True
20260919T082127Z-hf-opt-layer,2026-09-19T08:21:29.063613+00:00,mn01,reference,facebook/opt-125m,pretrained,0,captured,1,256,256,768,3072,relu,True,True,bf16,8,native_linear,4,12,1483670,1.48367,172545.10773959168,-0.000812530517578125,0.0,9444864,0,0,1572864,393216,1.0,767.59375,True
20260919T082127Z-hf-opt-layer,2026-09-19T08:21:29.065346+00:00,mn01,imbps,facebook/opt-125m,pretrained,0,captured,1,256,256,768,3072,relu,True,True,bf16,8,views,4,12,1707128,1.707128,149959.46408236524,-0.00054931640625,0.116586,9444864,0,786432,393216,393216,1.0,767.59375,True
20260919T082127Z-hf-opt-layer,2026-09-19T08:21:29.067080+00:00,mn01,imbps,facebook/opt-125m,pretrained,0,captured,1,256,256,768,3072,relu,True,True,bf16,8,views,4,13,1702681,1.702681,150351.12272938972,-0.00054931640625,0.116586,9444864,0,786432,393216,393216,1.0,767.59375,True
20260919T082127Z-hf-opt-layer,2026-09-19T08:21:29.068588+00:00,mn01,reference,facebook/opt-125m,pretrained,0,captured,1,256,256,768,3072,relu,True,True,bf16,8,native_linear,4,13,1482277,1.482277,172707.26051878295,-0.000812530517578125,0.0,9444864,0,0,1572864,393216,1.0,767.59375,True
20260919T082127Z-hf-opt-layer,2026-09-19T08:21:29.070330+00:00,mn01,imbps,facebook/opt-125m,pretrained,0,captured,1,256,256,768,3072,relu,True,True,bf16,8,views,4,14,1713396,1.713396,149410.87757879673,-0.00054931640625,0.116586,9444864,0,786432,393216,393216,1.0,767.59375,True
20260919T082127Z-hf-opt-layer,2026-09-19T08:21:29.071837+00:00,mn01,reference,facebook/opt-125m,pretrained,0,captured,1,256,256,768,3072,relu,True,True,bf16,8,native_linear,4,14,1478312,1.478312,173170.480926895,-0.000812530517578125,0.0,9444864,0,0,1572864,393216,1.0,767.59375,True
20260919T082127Z-hf-opt-layer,2026-09-19T08:21:29.073581+00:00,mn01,imbps,facebook/opt-125m,pretrained,0,captured,1,256,256,768,3072,relu,True,True,bf16,8,views,4,15,1717693,1.717693,149037.10965812867,-0.00054931640625,0.116586,9444864,0,786432,393216,393216,1.0,767.59375,True
20260919T082127Z-hf-opt-layer,2026-09-19T08:21:29.075083+00:00,mn01,reference,facebook/opt-125m,pretrained,0,captured,1,256,256,768,3072,relu,True,True,bf16,8,native_linear,4,15,1475106,1.475106,173546.85019246076,-0.000812530517578125,0.0,9444864,0,0,1572864,393216,1.0,767.59375,True
20260919T082127Z-hf-opt-layer,2026-09-19T08:21:29.076818+00:00,mn01,imbps,facebook/opt-125m,pretrained,0,captured,1,256,256,768,3072,relu,True,True,bf16,8,views,4,16,1709231,1.709231,149774.95727610838,-0.00054931640625,0.116586,9444864,0,786432,393216,393216,1.0,767.59375,True
20260919T082127Z-hf-opt-layer,2026-09-19T08:21:29.078320+00:00,mn01,reference,facebook/opt-125m,pretrained,0,captured,1,256,256,768,3072,relu,True,True,bf16,8,native_linear,4,16,1477210,1.47721,173299.6662627521,-0.000812530517578125,0.0,9444864,0,0,1572864,393216,1.0,767.59375,True
20260919T082127Z-hf-opt-layer,2026-09-19T08:21:29.079825+00:00,mn01,reference,facebook/opt-125m,pretrained,0,captured,1,256,256,768,3072,relu,True,True,bf16,8,native_linear,4,17,1476069,1.476069,173433.62674780109,-0.000812530517578125,0.0,9444864,0,0,1572864,393216,1.0,767.59375,True
20260919T082127Z-hf-opt-layer,2026-09-19T08:21:29.081551+00:00,mn01,imbps,facebook/opt-125m,pretrained,0,captured,1,256,256,768,3072,relu,True,True,bf16,8,views,4,17,1702670,1.70267,150352.09406402885,-0.00054931640625,0.116586,9444864,0,786432,393216,393216,1.0,767.59375,True
20260919T082127Z-hf-opt-layer,2026-09-19T08:21:29.083280+00:00,mn01,imbps,facebook/opt-125m,pretrained,0,captured,1,256,256,768,3072,relu,True,True,bf16,8,views,4,18,1699435,1.699435,150638.30037630154,-0.00054931640625,0.116586,9444864,0,786432,393216,393216,1.0,767.59375,True
20260919T082127Z-hf-opt-layer,2026-09-19T08:21:29.084787+00:00,mn01,reference,facebook/opt-125m,pretrained,0,captured,1,256,256,768,3072,relu,True,True,bf16,8,native_linear,4,18,1480925,1.480925,172864.93239022908,-0.000812530517578125,0.0,9444864,0,0,1572864,393216,1.0,767.59375,True
20260919T082127Z-hf-opt-layer,2026-09-19T08:21:29.086536+00:00,mn01,imbps,facebook/opt-125m,pretrained,0,captured,1,256,256,768,3072,relu,True,True,bf16,8,views,4,19,1722059,1.722059,148659.2503508881,-0.00054931640625,0.116586,9444864,0,786432,393216,393216,1.0,767.59375,True
20260919T082127Z-hf-opt-layer,2026-09-19T08:21:29.088042+00:00,mn01,reference,facebook/opt-125m,pretrained,0,captured,1,256,256,768,3072,relu,True,True,bf16,8,native_linear,4,19,1476359,1.476359,173399.5593212762,-0.000812530517578125,0.0,9444864,0,0,1572864,393216,1.0,767.59375,True
20260919T082127Z-hf-opt-layer,2026-09-19T08:21:29.089777+00:00,mn01,imbps,facebook/opt-125m,pretrained,0,captured,1,256,256,768,3072,relu,True,True,bf16,8,views,4,20,1707888,1.707888,149892.73301293762,-0.00054931640625,0.116586,9444864,0,786432,393216,393216,1.0,767.59375,True
20260919T082127Z-hf-opt-layer,2026-09-19T08:21:29.091281+00:00,mn01,reference,facebook/opt-125m,pretrained,0,captured,1,256,256,768,3072,relu,True,True,bf16,8,native_linear,4,20,1477430,1.47743,173273.8606905234,-0.000812530517578125,0.0,9444864,0,0,1572864,393216,1.0,767.59375,True
20260919T082127Z-hf-opt-layer,2026-09-19T08:21:29.093021+00:00,mn01,imbps,facebook/opt-125m,pretrained,0,captured,1,256,256,768,3072,relu,True,True,bf16,8,views,4,21,1713186,1.713186,149429.19216010405,-0.00054931640625,0.116586,9444864,0,786432,393216,393216,1.0,767.59375,True
20260919T082127Z-hf-opt-layer,2026-09-19T08:21:29.094531+00:00,mn01,reference,facebook/opt-125m,pretrained,0,captured,1,256,256,768,3072,relu,True,True,bf16,8,native_linear,4,21,1483309,1.483309,172587.10086704794,-0.000812530517578125,0.0,9444864,0,0,1572864,393216,1.0,767.59375,True
20260919T082127Z-hf-opt-layer,2026-09-19T08:21:29.096271+00:00,mn01,imbps,facebook/opt-125m,pretrained,0,captured,1,256,256,768,3072,relu,True,True,bf16,8,views,4,22,1712566,1.712566,149483.28998707203,-0.00054931640625,0.116586,9444864,0,786432,393216,393216,1.0,767.59375,True
20260919T082127Z-hf-opt-layer,2026-09-19T08:21:29.097774+00:00,mn01,reference,facebook/opt-125m,pretrained,0,captured,1,256,256,768,3072,relu,True,True,bf16,8,native_linear,4,22,1476228,1.476228,173414.9467426441,-0.000812530517578125,0.0,9444864,0,0,1572864,393216,1.0,767.59375,True
20260919T082127Z-hf-opt-layer,2026-09-19T08:21:29.099281+00:00,mn01,reference,facebook/opt-125m,pretrained,0,captured,1,256,256,768,3072,relu,True,True,bf16,8,native_linear,4,23,1481667,1.481667,172778.36382938945,-0.000812530517578125,0.0,9444864,0,0,1572864,393216,1.0,767.59375,True
20260919T082127Z-hf-opt-layer,2026-09-19T08:21:29.101011+00:00,mn01,imbps,facebook/opt-125m,pretrained,0,captured,1,256,256,768,3072,relu,True,True,bf16,8,views,4,23,1705445,1.705445,150107.44996174017,-0.00054931640625,0.116586,9444864,0,786432,393216,393216,1.0,767.59375,True
20260919T082127Z-hf-opt-layer,2026-09-19T08:21:29.102522+00:00,mn01,reference,facebook/opt-125m,pretrained,0,captured,1,256,256,768,3072,relu,True,True,bf16,8,native_linear,4,24,1483960,1.48396,172511.38844712795,-0.000812530517578125,0.0,9444864,0,0,1572864,393216,1.0,767.59375,True
20260919T082127Z-hf-opt-layer,2026-09-19T08:21:29.104254+00:00,mn01,imbps,facebook/opt-125m,pretrained,0,captured,1,256,256,768,3072,relu,True,True,bf16,8,views,4,24,1706476,1.706476,150016.75968487104,-0.00054931640625,0.116586,9444864,0,786432,393216,393216,1.0,767.59375,True
20260919T082127Z-hf-opt-layer,2026-09-19T08:21:29.105976+00:00,mn01,imbps,facebook/opt-125m,pretrained,0,captured,1,256,256,768,3072,relu,True,True,bf16,8,views,4,25,1692855,1.692855,151223.82011454023,-0.00054931640625,0.116586,9444864,0,786432,393216,393216,1.0,767.59375,True
20260919T082127Z-hf-opt-layer,2026-09-19T08:21:29.107487+00:00,mn01,reference,facebook/opt-125m,pretrained,0,captured,1,256,256,768,3072,relu,True,True,bf16,8,native_linear,4,25,1486203,1.486203,172251.03165583705,-0.000812530517578125,0.0,9444864,0,0,1572864,393216,1.0,767.59375,True
20260919T082127Z-hf-opt-layer,2026-09-19T08:21:29.109229+00:00,mn01,imbps,facebook/opt-125m,pretrained,0,captured,1,256,256,768,3072,relu,True,True,bf16,8,views,4,26,1714178,1.714178,149342.71703405364,-0.00054931640625,0.116586,9444864,0,786432,393216,393216,1.0,767.59375,True
20260919T082127Z-hf-opt-layer,2026-09-19T08:21:29.110736+00:00,mn01,reference,facebook/opt-125m,pretrained,0,captured,1,256,256,768,3072,relu,True,True,bf16,8,native_linear,4,26,1479213,1.479213,173065.00145685577,-0.000812530517578125,0.0,9444864,0,0,1572864,393216,1.0,767.59375,True
20260919T082127Z-hf-opt-layer,2026-09-19T08:21:29.112247+00:00,mn01,reference,facebook/opt-125m,pretrained,0,captured,1,256,256,768,3072,relu,True,True,bf16,8,native_linear,4,27,1477360,1.47736,173282.0707207451,-0.000812530517578125,0.0,9444864,0,0,1572864,393216,1.0,767.59375,True
20260919T082127Z-hf-opt-layer,2026-09-19T08:21:29.113977+00:00,mn01,imbps,facebook/opt-125m,pretrained,0,captured,1,256,256,768,3072,relu,True,True,bf16,8,views,4,27,1704844,1.704844,150160.3665789949,-0.00054931640625,0.116586,9444864,0,786432,393216,393216,1.0,767.59375,True
20260919T082127Z-hf-opt-layer,2026-09-19T08:21:29.115491+00:00,mn01,reference,facebook/opt-125m,pretrained,0,captured,1,256,256,768,3072,relu,True,True,bf16,8,native_linear,4,28,1484932,1.484932,172398.46673113652,-0.000812530517578125,0.0,9444864,0,0,1572864,393216,1.0,767.59375,True
20260919T082127Z-hf-opt-layer,2026-09-19T08:21:29.117223+00:00,mn01,imbps,facebook/opt-125m,pretrained,0,captured,1,256,256,768,3072,relu,True,True,bf16,8,views,4,28,1707939,1.707939,149888.25713330513,-0.00054931640625,0.116586,9444864,0,786432,393216,393216,1.0,767.59375,True
20260919T082127Z-hf-opt-layer,2026-09-19T08:21:29.118733+00:00,mn01,reference,facebook/opt-125m,pretrained,0,captured,1,256,256,768,3072,relu,True,True,bf16,8,native_linear,4,29,1480415,1.480415,172924.48401292882,-0.000812530517578125,0.0,9444864,0,0,1572864,393216,1.0,767.59375,True
20260919T082127Z-hf-opt-layer,2026-09-19T08:21:29.120471+00:00,mn01,imbps,facebook/opt-125m,pretrained,0,captured,1,256,256,768,3072,relu,True,True,bf16,8,views,4,29,1712476,1.712476,149491.14615328916,-0.00054931640625,0.116586,9444864,0,786432,393216,393216,1.0,767.59375,True
20260919T082127Z-hf-opt-layer,2026-09-19T08:21:29.233523+00:00,mn01,imbps,facebook/opt-125m,pretrained,0,captured,1,256,256,768,3072,relu,True,True,bf16,8,views,8,0,2006419,2.006419,127590.49829571988,-0.000579833984375,0.142155,9444864,0,589824,196608,393216,1.0,1279.59375,True
20260919T082127Z-hf-opt-layer,2026-09-19T08:21:29.235087+00:00,mn01,reference,facebook/opt-125m,pretrained,0,captured,1,256,256,768,3072,relu,True,True,bf16,8,native_linear,8,0,1491662,1.491662,171620.6486456047,-0.000812530517578125,0.0,9444864,0,0,1572864,393216,1.0,1279.59375,True
20260919T082127Z-hf-opt-layer,2026-09-19T08:21:29.236600+00:00,mn01,reference,facebook/opt-125m,pretrained,0,captured,1,256,256,768,3072,relu,True,True,bf16,8,native_linear,8,1,1481177,1.481177,172835.5220206633,-0.000812530517578125,0.0,9444864,0,0,1572864,393216,1.0,1279.59375,True
20260919T082127Z-hf-opt-layer,2026-09-19T08:21:29.238697+00:00,mn01,imbps,facebook/opt-125m,pretrained,0,captured,1,256,256,768,3072,relu,True,True,bf16,8,views,8,1,2071337,2.071337,123591.6705007442,-0.000579833984375,0.142155,9444864,0,589824,196608,393216,1.0,1279.59375,True
20260919T082127Z-hf-opt-layer,2026-09-19T08:21:29.240215+00:00,mn01,reference,facebook/opt-125m,pretrained,0,captured,1,256,256,768,3072,relu,True,True,bf16,8,native_linear,8,2,1481276,1.481276,172823.97068473397,-0.000812530517578125,0.0,9444864,0,0,1572864,393216,1.0,1279.59375,True
20260919T082127Z-hf-opt-layer,2026-09-19T08:21:29.242279+00:00,mn01,imbps,facebook/opt-125m,pretrained,0,captured,1,256,256,768,3072,relu,True,True,bf16,8,views,8,2,2036935,2.036935,125679.02264922542,-0.000579833984375,0.142155,9444864,0,589824,196608,393216,1.0,1279.59375,True
20260919T082127Z-hf-opt-layer,2026-09-19T08:21:29.243798+00:00,mn01,reference,facebook/opt-125m,pretrained,0,captured,1,256,256,768,3072,relu,True,True,bf16,8,native_linear,8,3,1480706,1.480706,172890.49953198002,-0.000812530517578125,0.0,9444864,0,0,1572864,393216,1.0,1279.59375,True
20260919T082127Z-hf-opt-layer,2026-09-19T08:21:29.245851+00:00,mn01,imbps,facebook/opt-125m,pretrained,0,captured,1,256,256,768,3072,relu,True,True,bf16,8,views,8,3,2027180,2.02718,126283.80311565821,-0.000579833984375,0.142155,9444864,0,589824,196608,393216,1.0,1279.59375,True
20260919T082127Z-hf-opt-layer,2026-09-19T08:21:29.247365+00:00,mn01,reference,facebook/opt-125m,pretrained,0,captured,1,256,256,768,3072,relu,True,True,bf16,8,native_linear,8,4,1484071,1.484071,172498.48558458456,-0.000812530517578125,0.0,9444864,0,0,1572864,393216,1.0,1279.59375,True
20260919T082127Z-hf-opt-layer,2026-09-19T08:21:29.249418+00:00,mn01,imbps,facebook/opt-125m,pretrained,0,captured,1,256,256,768,3072,relu,True,True,bf16,8,views,8,4,2028552,2.028552,126198.39175924503,-0.000579833984375,0.142155,9444864,0,589824,196608,393216,1.0,1279.59375,True
20260919T082127Z-hf-opt-layer,2026-09-19T08:21:29.250933+00:00,mn01,reference,facebook/opt-125m,pretrained,0,captured,1,256,256,768,3072,relu,True,True,bf16,8,native_linear,8,5,1483219,1.483219,172597.5732511517,-0.000812530517578125,0.0,9444864,0,0,1572864,393216,1.0,1279.59375,True
20260919T082127Z-hf-opt-layer,2026-09-19T08:21:29.252986+00:00,mn01,imbps,facebook/opt-125m,pretrained,0,captured,1,256,256,768,3072,relu,True,True,bf16,8,views,8,5,2026550,2.02655,126323.06136044017,-0.000579833984375,0.142155,9444864,0,589824,196608,393216,1.0,1279.59375,True
20260919T082127Z-hf-opt-layer,2026-09-19T08:21:29.255054+00:00,mn01,imbps,facebook/opt-125m,pretrained,0,captured,1,256,256,768,3072,relu,True,True,bf16,8,views,8,6,2037676,2.037676,125633.31952675499,-0.000579833984375,0.142155,9444864,0,589824,196608,393216,1.0,1279.59375,True
20260919T082127Z-hf-opt-layer,2026-09-19T08:21:29.256563+00:00,mn01,reference,facebook/opt-125m,pretrained,0,captured,1,256,256,768,3072,relu,True,True,bf16,8,native_linear,8,6,1479864,1.479864,172988.86924744435,-0.000812530517578125,0.0,9444864,0,0,1572864,393216,1.0,1279.59375,True
20260919T082127Z-hf-opt-layer,2026-09-19T08:21:29.258066+00:00,mn01,reference,facebook/opt-125m,pretrained,0,captured,1,256,256,768,3072,relu,True,True,bf16,8,native_linear,8,7,1473415,1.473415,173746.02538999534,-0.000812530517578125,0.0,9444864,0,0,1572864,393216,1.0,1279.59375,True
20260919T082127Z-hf-opt-layer,2026-09-19T08:21:29.260120+00:00,mn01,imbps,facebook/opt-125m,pretrained,0,captured,1,256,256,768,3072,relu,True,True,bf16,8,views,8,7,2031296,2.031296,126027.91518321307,-0.000579833984375,0.142155,9444864,0,589824,196608,393216,1.0,1279.59375,True
20260919T082127Z-hf-opt-layer,2026-09-19T08:21:29.261634+00:00,mn01,reference,facebook/opt-125m,pretrained,0,captured,1,256,256,768,3072,relu,True,True,bf16,8,native_linear,8,8,1481656,1.481656,172779.6465576355,-0.000812530517578125,0.0,9444864,0,0,1572864,393216,1.0,1279.59375,True
20260919T082127Z-hf-opt-layer,2026-09-19T08:21:29.263690+00:00,mn01,imbps,facebook/opt-125m,pretrained,0,captured,1,256,256,768,3072,relu,True,True,bf16,8,views,8,8,2031757,2.031757,125999.31980054702,-0.000579833984375,0.142155,9444864,0,589824,196608,393216,1.0,1279.59375,True
20260919T082127Z-hf-opt-layer,2026-09-19T08:21:29.265736+00:00,mn01,imbps,facebook/opt-125m,pretrained,0,captured,1,256,256,768,3072,relu,True,True,bf16,8,views,8,9,2015523,2.015523,127014.1794462281,-0.000579833984375,0.142155,9444864,0,589824,196608,393216,1.0,1279.59375,True
20260919T082127Z-hf-opt-layer,2026-09-19T08:21:29.267250+00:00,mn01,reference,facebook/opt-125m,pretrained,0,captured,1,256,256,768,3072,relu,True,True,bf16,8,native_linear,8,9,1487345,1.487345,172118.77540180658,-0.000812530517578125,0.0,9444864,0,0,1572864,393216,1.0,1279.59375,True
20260919T082127Z-hf-opt-layer,2026-09-19T08:21:29.268749+00:00,mn01,reference,facebook/opt-125m,pretrained,0,captured,1,256,256,768,3072,relu,True,True,bf16,8,native_linear,8,10,1471442,1.471442,173978.99475480514,-0.000812530517578125,0.0,9444864,0,0,1572864,393216,1.0,1279.59375,True
20260919T082127Z-hf-opt-layer,2026-09-19T08:21:29.270808+00:00,mn01,imbps,facebook/opt-125m,pretrained,0,captured,1,256,256,768,3072,relu,True,True,bf16,8,views,8,10,2035062,2.035062,125794.69323293345,-0.000579833984375,0.142155,9444864,0,589824,196608,393216,1.0,1279.59375,True
20260919T082127Z-hf-opt-layer,2026-09-19T08:21:29.272317+00:00,mn01,reference,facebook/opt-125m,pretrained,0,captured,1,256,256,768,3072,relu,True,True,bf16,8,native_linear,8,11,1481717,1.481717,172772.53348648897,-0.000812530517578125,0.0,9444864,0,0,1572864,393216,1.0,1279.59375,True
20260919T082127Z-hf-opt-layer,2026-09-19T08:21:29.274368+00:00,mn01,imbps,facebook/opt-125m,pretrained,0,captured,1,256,256,768,3072,relu,True,True,bf16,8,views,8,11,2025007,2.025007,126419.3160813765,-0.000579833984375,0.142155,9444864,0,589824,196608,393216,1.0,1279.59375,True
20260919T082127Z-hf-opt-layer,2026-09-19T08:21:29.276421+00:00,mn01,imbps,facebook/opt-125m,pretrained,0,captured,1,256,256,768,3072,relu,True,True,bf16,8,views,8,12,2023915,2.023915,126487.52541485192,-0.000579833984375,0.142155,9444864,0,589824,196608,393216,1.0,1279.59375,True
20260919T082127Z-hf-opt-layer,2026-09-19T08:21:29.277928+00:00,mn01,reference,facebook/opt-125m,pretrained,0,captured,1,256,256,768,3072,relu,True,True,bf16,8,native_linear,8,12,1478712,1.478712,173123.63732762024,-0.000812530517578125,0.0,9444864,0,0,1572864,393216,1.0,1279.59375,True
20260919T082127Z-hf-opt-layer,2026-09-19T08:21:29.279436+00:00,mn01,reference,facebook/opt-125m,pretrained,0,captured,1,256,256,768,3072,relu,True,True,bf16,8,native_linear,8,13,1481296,1.481296,172821.6372689861,-0.000812530517578125,0.0,9444864,0,0,1572864,393216,1.0,1279.59375,True
20260919T082127Z-hf-opt-layer,2026-09-19T08:21:29.281496+00:00,mn01,imbps,facebook/opt-125m,pretrained,0,captured,1,256,256,768,3072,relu,True,True,bf16,8,views,8,13,2031637,2.031637,126006.76203475325,-0.000579833984375,0.142155,9444864,0,589824,196608,393216,1.0,1279.59375,True
20260919T082127Z-hf-opt-layer,2026-09-19T08:21:29.283013+00:00,mn01,reference,facebook/opt-125m,pretrained,0,captured,1,256,256,768,3072,relu,True,True,bf16,8,native_linear,8,14,1486263,1.486263,172244.07793237132,-0.000812530517578125,0.0,9444864,0,0,1572864,393216,1.0,1279.59375,True
20260919T082127Z-hf-opt-layer,2026-09-19T08:21:29.285063+00:00,mn01,imbps,facebook/opt-125m,pretrained,0,captured,1,256,256,768,3072,relu,True,True,bf16,8,views,8,14,2025558,2.025558,126384.92701764157,-0.000579833984375,0.142155,9444864,0,589824,196608,393216,1.0,1279.59375,True
20260919T082127Z-hf-opt-layer,2026-09-19T08:21:29.286575+00:00,mn01,reference,facebook/opt-125m,pretrained,0,captured,1,256,256,768,3072,relu,True,True,bf16,8,native_linear,8,15,1481877,1.481877,172753.87903314515,-0.000812530517578125,0.0,9444864,0,0,1572864,393216,1.0,1279.59375,True
20260919T082127Z-hf-opt-layer,2026-09-19T08:21:29.288628+00:00,mn01,imbps,facebook/opt-125m,pretrained,0,captured,1,256,256,768,3072,relu,True,True,bf16,8,views,8,15,2026259,2.026259,126341.20317294088,-0.000579833984375,0.142155,9444864,0,589824,196608,393216,1.0,1279.59375,True
20260919T082127Z-hf-opt-layer,2026-09-19T08:21:29.290134+00:00,mn01,reference,facebook/opt-125m,pretrained,0,captured,1,256,256,768,3072,relu,True,True,bf16,8,native_linear,8,16,1476449,1.476449,173388.98939279313,-0.000812530517578125,0.0,9444864,0,0,1572864,393216,1.0,1279.59375,True
20260919T082127Z-hf-opt-layer,2026-09-19T08:21:29.292185+00:00,mn01,imbps,facebook/opt-125m,pretrained,0,captured,1,256,256,768,3072,relu,True,True,bf16,8,views,8,16,2027300,2.0273,126276.32812114635,-0.000579833984375,0.142155,9444864,0,589824,196608,393216,1.0,1279.59375,True
20260919T082127Z-hf-opt-layer,2026-09-19T08:21:29.293690+00:00,mn01,reference,facebook/opt-125m,pretrained,0,captured,1,256,256,768,3072,relu,True,True,bf16,8,native_linear,8,17,1474255,1.474255,173647.02849914023,-0.000812530517578125,0.0,9444864,0,0,1572864,393216,1.0,1279.59375,True
20260919T082127Z-hf-opt-layer,2026-09-19T08:21:29.295738+00:00,mn01,imbps,facebook/opt-125m,pretrained,0,captured,1,256,256,768,3072,relu,True,True,bf16,8,views,8,17,2027110,2.02711,126288.16393782281,-0.000579833984375,0.142155,9444864,0,589824,196608,393216,1.0,1279.59375,True
20260919T082127Z-hf-opt-layer,2026-09-19T08:21:29.297244+00:00,mn01,reference,facebook/opt-125m,pretrained,0,captured,1,256,256,768,3072,relu,True,True,bf16,8,native_linear,8,18,1475357,1.475357,173517.32495931492,-0.000812530517578125,0.0,9444864,0,0,1572864,393216,1.0,1279.59375,True
20260919T082127Z-hf-opt-layer,2026-09-19T08:21:29.299285+00:00,mn01,imbps,facebook/opt-125m,pretrained,0,captured,1,256,256,768,3072,relu,True,True,bf16,8,views,8,18,2018648,2.018648,126817.55313457323,-0.000579833984375,0.142155,9444864,0,589824,196608,393216,1.0,1279.59375,True
20260919T082127Z-hf-opt-layer,2026-09-19T08:21:29.301333+00:00,mn01,imbps,facebook/opt-125m,pretrained,0,captured,1,256,256,768,3072,relu,True,True,bf16,8,views,8,19,2018176,2.018176,126847.21253250459,-0.000579833984375,0.142155,9444864,0,589824,196608,393216,1.0,1279.59375,True
20260919T082127Z-hf-opt-layer,2026-09-19T08:21:29.302845+00:00,mn01,reference,facebook/opt-125m,pretrained,0,captured,1,256,256,768,3072,relu,True,True,bf16,8,native_linear,8,19,1485182,1.485182,172369.4469768688,-0.000812530517578125,0.0,9444864,0,0,1572864,393216,1.0,1279.59375,True
20260919T082127Z-hf-opt-layer,2026-09-19T08:21:29.304350+00:00,mn01,reference,facebook/opt-125m,pretrained,0,captured,1,256,256,768,3072,relu,True,True,bf16,8,native_linear,8,20,1475577,1.475577,173491.45452931293,-0.000812530517578125,0.0,9444864,0,0,1572864,393216,1.0,1279.59375,True
20260919T082127Z-hf-opt-layer,2026-09-19T08:21:29.306402+00:00,mn01,imbps,facebook/opt-125m,pretrained,0,captured,1,256,256,768,3072,relu,True,True,bf16,8,views,8,20,2027440,2.02744,126267.6084125794,-0.000579833984375,0.142155,9444864,0,589824,196608,393216,1.0,1279.59375,True
20260919T082127Z-hf-opt-layer,2026-09-19T08:21:29.307915+00:00,mn01,reference,facebook/opt-125m,pretrained,0,captured,1,256,256,768,3072,relu,True,True,bf16,8,native_linear,8,21,1483600,1.4836,172553.24885413857,-0.000812530517578125,0.0,9444864,0,0,1572864,393216,1.0,1279.59375,True
20260919T082127Z-hf-opt-layer,2026-09-19T08:21:29.309964+00:00,mn01,imbps,facebook/opt-125m,pretrained,0,captured,1,256,256,768,3072,relu,True,True,bf16,8,views,8,21,2023454,2.023454,126516.34284742821,-0.000579833984375,0.142155,9444864,0,589824,196608,393216,1.0,1279.59375,True
20260919T082127Z-hf-opt-layer,2026-09-19T08:21:29.311477+00:00,mn01,reference,facebook/opt-125m,pretrained,0,captured,1,256,256,768,3072,relu,True,True,bf16,8,native_linear,8,22,1483870,1.48387,172521.85164468587,-0.000812530517578125,0.0,9444864,0,0,1572864,393216,1.0,1279.59375,True
20260919T082127Z-hf-opt-layer,2026-09-19T08:21:29.313514+00:00,mn01,imbps,facebook/opt-125m,pretrained,0,captured,1,256,256,768,3072,relu,True,True,bf16,8,views,8,22,2012318,2.012318,127216.47373824615,-0.000579833984375,0.142155,9444864,0,589824,196608,393216,1.0,1279.59375,True
20260919T082127Z-hf-opt-layer,2026-09-19T08:21:29.315067+00:00,mn01,reference,facebook/opt-125m,pretrained,0,captured,1,256,256,768,3072,relu,True,True,bf16,8,native_linear,8,23,1523800,1.5238,168001.05000656252,-0.000812530517578125,0.0,9444864,0,0,1572864,393216,1.0,1279.59375,True
20260919T082127Z-hf-opt-layer,2026-09-19T08:21:29.317119+00:00,mn01,imbps,facebook/opt-125m,pretrained,0,captured,1,256,256,768,3072,relu,True,True,bf16,8,views,8,23,2023755,2.023755,126497.52563922017,-0.000579833984375,0.142155,9444864,0,589824,196608,393216,1.0,1279.59375,True
20260919T082127Z-hf-opt-layer,2026-09-19T08:21:29.319168+00:00,mn01,imbps,facebook/opt-125m,pretrained,0,captured,1,256,256,768,3072,relu,True,True,bf16,8,views,8,24,2016514,2.016514,126951.75932326778,-0.000579833984375,0.142155,9444864,0,589824,196608,393216,1.0,1279.59375,True
20260919T082127Z-hf-opt-layer,2026-09-19T08:21:29.320677+00:00,mn01,reference,facebook/opt-125m,pretrained,0,captured,1,256,256,768,3072,relu,True,True,bf16,8,native_linear,8,24,1481046,1.481046,172850.8094954512,-0.000812530517578125,0.0,9444864,0,0,1572864,393216,1.0,1279.59375,True
20260919T082127Z-hf-opt-layer,2026-09-19T08:21:29.322180+00:00,mn01,reference,facebook/opt-125m,pretrained,0,captured,1,256,256,768,3072,relu,True,True,bf16,8,native_linear,8,25,1476219,1.476219,173416.00399398734,-0.000812530517578125,0.0,9444864,0,0,1572864,393216,1.0,1279.59375,True
20260919T082127Z-hf-opt-layer,2026-09-19T08:21:29.324245+00:00,mn01,imbps,facebook/opt-125m,pretrained,0,captured,1,256,256,768,3072,relu,True,True,bf16,8,views,8,25,2038727,2.038727,125568.55331783018,-0.000579833984375,0.142155,9444864,0,589824,196608,393216,1.0,1279.59375,True
20260919T082127Z-hf-opt-layer,2026-09-19T08:21:29.325758+00:00,mn01,reference,facebook/opt-125m,pretrained,0,captured,1,256,256,768,3072,relu,True,True,bf16,8,native_linear,8,26,1483068,1.483068,172615.14643967774,-0.000812530517578125,0.0,9444864,0,0,1572864,393216,1.0,1279.59375,True
20260919T082127Z-hf-opt-layer,2026-09-19T08:21:29.327810+00:00,mn01,imbps,facebook/opt-125m,pretrained,0,captured,1,256,256,768,3072,relu,True,True,bf16,8,views,8,26,2026769,2.026769,126309.41167937739,-0.000579833984375,0.142155,9444864,0,589824,196608,393216,1.0,1279.59375,True
20260919T082127Z-hf-opt-layer,2026-09-19T08:21:29.329322+00:00,mn01,reference,facebook/opt-125m,pretrained,0,captured,1,256,256,768,3072,relu,True,True,bf16,8,native_linear,8,27,1479995,1.479995,172973.55734309912,-0.000812530517578125,0.0,9444864,0,0,1572864,393216,1.0,1279.59375,True
20260919T082127Z-hf-opt-layer,2026-09-19T08:21:29.331369+00:00,mn01,imbps,facebook/opt-125m,pretrained,0,captured,1,256,256,768,3072,relu,True,True,bf16,8,views,8,27,2023284,2.023284,126526.9729805603,-0.000579833984375,0.142155,9444864,0,589824,196608,393216,1.0,1279.59375,True
20260919T082127Z-hf-opt-layer,2026-09-19T08:21:29.333423+00:00,mn01,imbps,facebook/opt-125m,pretrained,0,captured,1,256,256,768,3072,relu,True,True,bf16,8,views,8,28,2022994,2.022994,126545.11086043753,-0.000579833984375,0.142155,9444864,0,589824,196608,393216,1.0,1279.59375,True
20260919T082127Z-hf-opt-layer,2026-09-19T08:21:29.334936+00:00,mn01,reference,facebook/opt-125m,pretrained,0,captured,1,256,256,768,3072,relu,True,True,bf16,8,native_linear,8,28,1485263,1.485263,172360.0466718689,-0.000812530517578125,0.0,9444864,0,0,1572864,393216,1.0,1279.59375,True
20260919T082127Z-hf-opt-layer,2026-09-19T08:21:29.336987+00:00,mn01,imbps,facebook/opt-125m,pretrained,0,captured,1,256,256,768,3072,relu,True,True,bf16,8,views,8,29,2022603,2.022603,126569.57395989228,-0.000579833984375,0.142155,9444864,0,589824,196608,393216,1.0,1279.59375,True
20260919T082127Z-hf-opt-layer,2026-09-19T08:21:29.338500+00:00,mn01,reference,facebook/opt-125m,pretrained,0,captured,1,256,256,768,3072,relu,True,True,bf16,8,native_linear,8,29,1484411,1.484411,172458.97531074614,-0.000812530517578125,0.0,9444864,0,0,1572864,393216,1.0,1279.59375,True
