run_id,timestamp_utc,hostname,pair_index,order_in_pair,variant,mlp_kind,weight_layout,dtype,threads,tokens,hidden_size,intermediate_size,split_k,iteration,latency_ns,latency_ms,tokens_per_second,gflops,checksum,packing_ms,canonical_weight_bytes,packed_weight_bytes,workspace_bytes,input_bytes,output_bytes,max_abs_error,max_rel_error,allclose,seed,gelu_approximate
20260917T125802Z-opt-m1024-h4096-i16384-t8-bf16,2026-09-17T12:58:04.604552+00:00,mn01,0,0,imbps,opt,prepacked,bf16,8,1024,4096,16384,1,0,163065278,163.065278,6279.693706467663,1685.6924436359775,0.056640625,0.090026,268435456,268435456,41943040,8388608,8388608,0.0,0.0,True,20250917,none
20260917T125802Z-opt-m1024-h4096-i16384-t8-bf16,2026-09-17T12:58:04.767594+00:00,mn01,0,1,reference,opt,canonical,bf16,8,1024,4096,16384,1,0,162887340,162.88734,6286.553638852473,1687.533892713823,0.056640625,0.0,268435456,0,41943040,8388608,8388608,0.0,0.0,True,20250917,none
20260917T125802Z-opt-m1024-h4096-i16384-t8-bf16,2026-09-17T12:58:04.930830+00:00,mn01,1,0,imbps,opt,prepacked,bf16,8,1024,4096,16384,1,1,163098349,163.098349,6278.420390386662,1685.3506404531415,0.056640625,0.090026,268435456,268435456,41943040,8388608,8388608,0.0,0.0,True,20250917,none
20260917T125802Z-opt-m1024-h4096-i16384-t8-bf16,2026-09-17T12:58:05.093841+00:00,mn01,1,1,reference,opt,canonical,bf16,8,1024,4096,16384,1,1,162870114,162.870114,6287.2185378343875,1687.712375175227,0.056640625,0.0,268435456,0,41943040,8388608,8388608,0.0,0.0,True,20250917,none
20260917T125802Z-opt-m1024-h4096-i16384-t8-bf16,2026-09-17T12:58:05.256809+00:00,mn01,2,0,reference,opt,canonical,bf16,8,1024,4096,16384,1,2,162824226,162.824226,6288.990435612451,1688.1880153632667,0.056640625,0.0,268435456,0,41943040,8388608,8388608,0.0,0.0,True,20250917,none
20260917T125802Z-opt-m1024-h4096-i16384-t8-bf16,2026-09-17T12:58:05.420038+00:00,mn01,2,1,imbps,opt,prepacked,bf16,8,1024,4096,16384,1,2,163118920,163.11892,6277.628615981518,1685.1381001296477,0.056640625,0.090026,268435456,268435456,41943040,8388608,8388608,0.0,0.0,True,20250917,none
20260917T125802Z-opt-m1024-h4096-i16384-t8-bf16,2026-09-17T12:58:05.583203+00:00,mn01,3,0,imbps,opt,prepacked,bf16,8,1024,4096,16384,1,3,163033080,163.03308,6280.933906174134,1686.0253572097147,0.056640625,0.090026,268435456,268435456,41943040,8388608,8388608,0.0,0.0,True,20250917,none
20260917T125802Z-opt-m1024-h4096-i16384-t8-bf16,2026-09-17T12:58:05.746243+00:00,mn01,3,1,reference,opt,canonical,bf16,8,1024,4096,16384,1,3,162906199,162.906199,6285.825869646618,1687.3385336551864,0.056640625,0.0,268435456,0,41943040,8388608,8388608,0.0,0.0,True,20250917,none
20260917T125802Z-opt-m1024-h4096-i16384-t8-bf16,2026-09-17T12:58:05.909554+00:00,mn01,4,0,imbps,opt,prepacked,bf16,8,1024,4096,16384,1,4,163184630,163.18463,6275.100786146342,1684.4595409751519,0.056640625,0.090026,268435456,268435456,41943040,8388608,8388608,0.0,0.0,True,20250917,none
20260917T125802Z-opt-m1024-h4096-i16384-t8-bf16,2026-09-17T12:58:06.072613+00:00,mn01,4,1,reference,opt,canonical,bf16,8,1024,4096,16384,1,4,162930816,162.930816,6284.876152587365,1687.083595923315,0.056640625,0.0,268435456,0,41943040,8388608,8388608,0.0,0.0,True,20250917,none
20260917T125802Z-opt-m1024-h4096-i16384-t8-bf16,2026-09-17T12:58:06.235860+00:00,mn01,5,0,imbps,opt,prepacked,bf16,8,1024,4096,16384,1,5,163119912,163.119912,6277.590439112057,1685.127852104285,0.056640625,0.090026,268435456,268435456,41943040,8388608,8388608,0.0,0.0,True,20250917,none
20260917T125802Z-opt-m1024-h4096-i16384-t8-bf16,2026-09-17T12:58:06.398845+00:00,mn01,5,1,reference,opt,canonical,bf16,8,1024,4096,16384,1,5,162856754,162.856754,6287.734311590172,1687.850827138554,0.056640625,0.0,268435456,0,41943040,8388608,8388608,0.0,0.0,True,20250917,none
20260917T125802Z-opt-m1024-h4096-i16384-t8-bf16,2026-09-17T12:58:06.561845+00:00,mn01,6,0,reference,opt,canonical,bf16,8,1024,4096,16384,1,6,162866259,162.866259,6287.367354585089,1687.752322867562,0.056640625,0.0,268435456,0,41943040,8388608,8388608,0.0,0.0,True,20250917,none
20260917T125802Z-opt-m1024-h4096-i16384-t8-bf16,2026-09-17T12:58:06.725067+00:00,mn01,6,1,imbps,opt,prepacked,bf16,8,1024,4096,16384,1,6,163114974,163.114974,6277.780481392224,1685.178866190421,0.056640625,0.090026,268435456,268435456,41943040,8388608,8388608,0.0,0.0,True,20250917,none
20260917T125802Z-opt-m1024-h4096-i16384-t8-bf16,2026-09-17T12:58:06.888082+00:00,mn01,7,0,reference,opt,canonical,bf16,8,1024,4096,16384,1,7,162874341,162.874341,6287.055368653801,1687.6685747818312,0.056640625,0.0,268435456,0,41943040,8388608,8388608,0.0,0.0,True,20250917,none
20260917T125802Z-opt-m1024-h4096-i16384-t8-bf16,2026-09-17T12:58:07.051320+00:00,mn01,7,1,imbps,opt,prepacked,bf16,8,1024,4096,16384,1,7,163122175,163.122175,6277.503349866442,1685.104474262926,0.056640625,0.090026,268435456,268435456,41943040,8388608,8388608,0.0,0.0,True,20250917,none
20260917T125802Z-opt-m1024-h4096-i16384-t8-bf16,2026-09-17T12:58:07.214513+00:00,mn01,8,0,imbps,opt,prepacked,bf16,8,1024,4096,16384,1,8,163070327,163.070327,6279.49927395436,1685.6402510556075,0.056640625,0.090026,268435456,268435456,41943040,8388608,8388608,0.0,0.0,True,20250917,none
20260917T125802Z-opt-m1024-h4096-i16384-t8-bf16,2026-09-17T12:58:07.377496+00:00,mn01,8,1,reference,opt,canonical,bf16,8,1024,4096,16384,1,8,162853350,162.85335,6287.86573932928,1687.8861070036323,0.056640625,0.0,268435456,0,41943040,8388608,8388608,0.0,0.0,True,20250917,none
20260917T125802Z-opt-m1024-h4096-i16384-t8-bf16,2026-09-17T12:58:07.540567+00:00,mn01,9,0,reference,opt,canonical,bf16,8,1024,4096,16384,1,9,162934702,162.934702,6284.726258007334,1687.0433589033723,0.056640625,0.0,268435456,0,41943040,8388608,8388608,0.0,0.0,True,20250917,none
20260917T125802Z-opt-m1024-h4096-i16384-t8-bf16,2026-09-17T12:58:07.703838+00:00,mn01,9,1,imbps,opt,prepacked,bf16,8,1024,4096,16384,1,9,163160934,163.160934,6276.012124323828,1684.7041764543956,0.056640625,0.090026,268435456,268435456,41943040,8388608,8388608,0.0,0.0,True,20250917,none
20260917T125802Z-opt-m1024-h4096-i16384-t8-bf16,2026-09-17T12:58:09.240749+00:00,mn01,10,0,reference,opt,canonical,bf16,8,1024,4096,16384,2,0,163544343,163.544343,6261.298808727367,1680.7546008729878,0.056640625,0.0,268435456,0,41943040,8388608,8388608,0.0009765625,638.1555786132812,True,20250917,none
20260917T125802Z-opt-m1024-h4096-i16384-t8-bf16,2026-09-17T12:58:09.404021+00:00,mn01,10,1,imbps,opt,prepacked,bf16,8,1024,4096,16384,2,0,163154144,163.154144,6276.273313658524,1684.7742889325568,0.056396484375,7.895987,268435456,268435456,25165824,8388608,8388608,0.0009765625,638.1555786132812,True,20250917,none
20260917T125802Z-opt-m1024-h4096-i16384-t8-bf16,2026-09-17T12:58:09.567232+00:00,mn01,11,0,imbps,opt,prepacked,bf16,8,1024,4096,16384,2,1,163075384,163.075384,6279.304545436484,1685.5879790171152,0.056396484375,7.895987,268435456,268435456,25165824,8388608,8388608,0.0009765625,638.1555786132812,True,20250917,none
20260917T125802Z-opt-m1024-h4096-i16384-t8-bf16,2026-09-17T12:58:09.730327+00:00,mn01,11,1,reference,opt,canonical,bf16,8,1024,4096,16384,2,1,162944769,162.944769,6284.337977121561,1686.9391305467436,0.056640625,0.0,268435456,0,41943040,8388608,8388608,0.0009765625,638.1555786132812,True,20250917,none
20260917T125802Z-opt-m1024-h4096-i16384-t8-bf16,2026-09-17T12:58:09.893366+00:00,mn01,12,0,reference,opt,canonical,bf16,8,1024,4096,16384,2,2,162898769,162.898769,6286.112573385991,1687.415495104202,0.056640625,0.0,268435456,0,41943040,8388608,8388608,0.0009765625,638.1555786132812,True,20250917,none
20260917T125802Z-opt-m1024-h4096-i16384-t8-bf16,2026-09-17T12:58:10.056627+00:00,mn01,12,1,imbps,opt,prepacked,bf16,8,1024,4096,16384,2,2,163146653,163.146653,6276.561493419053,1684.8516465979844,0.056396484375,7.895987,268435456,268435456,25165824,8388608,8388608,0.0009765625,638.1555786132812,True,20250917,none
20260917T125802Z-opt-m1024-h4096-i16384-t8-bf16,2026-09-17T12:58:10.219666+00:00,mn01,13,0,reference,opt,canonical,bf16,8,1024,4096,16384,2,3,162898968,162.898968,6286.104894169741,1687.4134337302862,0.056640625,0.0,268435456,0,41943040,8388608,8388608,0.0009765625,638.1555786132812,True,20250917,none
20260917T125802Z-opt-m1024-h4096-i16384-t8-bf16,2026-09-17T12:58:10.382915+00:00,mn01,13,1,imbps,opt,prepacked,bf16,8,1024,4096,16384,2,3,163136988,163.136988,6276.933346348162,1684.951465108575,0.056396484375,7.895987,268435456,268435456,25165824,8388608,8388608,0.0009765625,638.1555786132812,True,20250917,none
20260917T125802Z-opt-m1024-h4096-i16384-t8-bf16,2026-09-17T12:58:10.546088+00:00,mn01,14,0,imbps,opt,prepacked,bf16,8,1024,4096,16384,2,4,163045680,163.04568,6280.44852215649,1685.8950629296035,0.056396484375,7.895987,268435456,268435456,25165824,8388608,8388608,0.0009765625,638.1555786132812,True,20250917,none
20260917T125802Z-opt-m1024-h4096-i16384-t8-bf16,2026-09-17T12:58:10.709111+00:00,mn01,14,1,reference,opt,canonical,bf16,8,1024,4096,16384,2,4,162901502,162.901502,6286.007111217427,1687.387185318893,0.056640625,0.0,268435456,0,41943040,8388608,8388608,0.0009765625,638.1555786132812,True,20250917,none
20260917T125802Z-opt-m1024-h4096-i16384-t8-bf16,2026-09-17T12:58:10.872532+00:00,mn01,15,0,reference,opt,canonical,bf16,8,1024,4096,16384,2,5,163285913,163.285913,6271.208466097133,1683.4147042678446,0.056640625,0.0,268435456,0,41943040,8388608,8388608,0.0009765625,638.1555786132812,True,20250917,none
20260917T125802Z-opt-m1024-h4096-i16384-t8-bf16,2026-09-17T12:58:11.035751+00:00,mn01,15,1,imbps,opt,prepacked,bf16,8,1024,4096,16384,2,5,163104839,163.104839,6278.170569789165,1685.2835797471344,0.056396484375,7.895987,268435456,268435456,25165824,8388608,8388608,0.0009765625,638.1555786132812,True,20250917,none
20260917T125802Z-opt-m1024-h4096-i16384-t8-bf16,2026-09-17T12:58:11.198795+00:00,mn01,16,0,reference,opt,canonical,bf16,8,1024,4096,16384,2,6,162910977,162.910977,6285.6415132787515,1687.289045869512,0.056640625,0.0,268435456,0,41943040,8388608,8388608,0.0009765625,638.1555786132812,True,20250917,none
20260917T125802Z-opt-m1024-h4096-i16384-t8-bf16,2026-09-17T12:58:11.362011+00:00,mn01,16,1,imbps,opt,prepacked,bf16,8,1024,4096,16384,2,6,163100944,163.100944,6278.3204982553625,1685.3238258633255,0.056396484375,7.895987,268435456,268435456,25165824,8388608,8388608,0.0009765625,638.1555786132812,True,20250917,none
20260917T125802Z-opt-m1024-h4096-i16384-t8-bf16,2026-09-17T12:58:11.525253+00:00,mn01,17,0,imbps,opt,prepacked,bf16,8,1024,4096,16384,2,7,163111690,163.11169,6277.90687473105,1685.2127946439646,0.056396484375,7.895987,268435456,268435456,25165824,8388608,8388608,0.0009765625,638.1555786132812,True,20250917,none
20260917T125802Z-opt-m1024-h4096-i16384-t8-bf16,2026-09-17T12:58:11.688279+00:00,mn01,17,1,reference,opt,canonical,bf16,8,1024,4096,16384,2,7,162902144,162.902144,6285.982337961126,1687.380535298541,0.056640625,0.0,268435456,0,41943040,8388608,8388608,0.0009765625,638.1555786132812,True,20250917,none
20260917T125802Z-opt-m1024-h4096-i16384-t8-bf16,2026-09-17T12:58:11.851488+00:00,mn01,18,0,imbps,opt,prepacked,bf16,8,1024,4096,16384,2,8,163090809,163.090809,6278.710653768356,1685.4285574363666,0.056396484375,7.895987,268435456,268435456,25165824,8388608,8388608,0.0009765625,638.1555786132812,True,20250917,none
20260917T125802Z-opt-m1024-h4096-i16384-t8-bf16,2026-09-17T12:58:12.014513+00:00,mn01,18,1,reference,opt,canonical,bf16,8,1024,4096,16384,2,8,162897196,162.897196,6286.1732745847885,1687.4317894581807,0.056640625,0.0,268435456,0,41943040,8388608,8388608,0.0009765625,638.1555786132812,True,20250917,none
20260917T125802Z-opt-m1024-h4096-i16384-t8-bf16,2026-09-17T12:58:12.177724+00:00,mn01,19,0,imbps,opt,prepacked,bf16,8,1024,4096,16384,2,9,163088966,163.088966,6278.781606843961,1685.4476037575712,0.056396484375,7.895987,268435456,268435456,25165824,8388608,8388608,0.0009765625,638.1555786132812,True,20250917,none
20260917T125802Z-opt-m1024-h4096-i16384-t8-bf16,2026-09-17T12:58:12.340710+00:00,mn01,19,1,reference,opt,canonical,bf16,8,1024,4096,16384,2,9,162859269,162.859269,6287.6372114871765,1687.8247620281288,0.056640625,0.0,268435456,0,41943040,8388608,8388608,0.0009765625,638.1555786132812,True,20250917,none
20260917T125802Z-opt-m1024-h4096-i16384-t8-bf16,2026-09-17T12:58:13.884967+00:00,mn01,20,0,reference,opt,canonical,bf16,8,1024,4096,16384,4,0,162996036,162.996036,6282.361369818834,1686.4085390641035,0.056640625,0.0,268435456,0,41943040,8388608,8388608,0.0009765625,1192.78515625,True,20250917,none
20260917T125802Z-opt-m1024-h4096-i16384-t8-bf16,2026-09-17T12:58:14.048783+00:00,mn01,20,1,imbps,opt,prepacked,bf16,8,1024,4096,16384,4,0,163695241,163.695241,6255.527000934621,1679.2052430161973,0.056640625,7.95168,268435456,268435456,16777216,8388608,8388608,0.0009765625,1192.78515625,True,20250917,none
20260917T125802Z-opt-m1024-h4096-i16384-t8-bf16,2026-09-17T12:58:14.211968+00:00,mn01,21,0,reference,opt,canonical,bf16,8,1024,4096,16384,4,1,163038660,163.03866,6280.718941139482,1685.967652972614,0.056640625,0.0,268435456,0,41943040,8388608,8388608,0.0009765625,1192.78515625,True,20250917,none
20260917T125802Z-opt-m1024-h4096-i16384-t8-bf16,2026-09-17T12:58:14.375736+00:00,mn01,21,1,imbps,opt,prepacked,bf16,8,1024,4096,16384,4,1,163655911,163.655911,6257.030337266584,1679.6087917899893,0.056640625,7.95168,268435456,268435456,16777216,8388608,8388608,0.0009765625,1192.78515625,True,20250917,none
20260917T125802Z-opt-m1024-h4096-i16384-t8-bf16,2026-09-17T12:58:14.539517+00:00,mn01,22,0,imbps,opt,prepacked,bf16,8,1024,4096,16384,4,2,163654589,163.654589,6257.080881489978,1679.622359651644,0.056640625,7.95168,268435456,268435456,16777216,8388608,8388608,0.0009765625,1192.78515625,True,20250917,none
20260917T125802Z-opt-m1024-h4096-i16384-t8-bf16,2026-09-17T12:58:14.702616+00:00,mn01,22,1,reference,opt,canonical,bf16,8,1024,4096,16384,4,2,162973612,162.973612,6283.225777679886,1686.640576782455,0.056640625,0.0,268435456,0,41943040,8388608,8388608,0.0009765625,1192.78515625,True,20250917,none
20260917T125802Z-opt-m1024-h4096-i16384-t8-bf16,2026-09-17T12:58:14.866379+00:00,mn01,23,0,imbps,opt,prepacked,bf16,8,1024,4096,16384,4,3,163632447,163.632447,6257.9275612739575,1679.8496385255426,0.056640625,7.95168,268435456,268435456,16777216,8388608,8388608,0.0009765625,1192.78515625,True,20250917,none
20260917T125802Z-opt-m1024-h4096-i16384-t8-bf16,2026-09-17T12:58:15.029461+00:00,mn01,23,1,reference,opt,canonical,bf16,8,1024,4096,16384,4,3,162954774,162.954774,6283.952135087494,1686.835556864385,0.056640625,0.0,268435456,0,41943040,8388608,8388608,0.0009765625,1192.78515625,True,20250917,none
20260917T125802Z-opt-m1024-h4096-i16384-t8-bf16,2026-09-17T12:58:15.192554+00:00,mn01,24,0,reference,opt,canonical,bf16,8,1024,4096,16384,4,4,162959711,162.959711,6283.761757530363,1686.7844527780244,0.056640625,0.0,268435456,0,41943040,8388608,8388608,0.0009765625,1192.78515625,True,20250917,none
20260917T125802Z-opt-m1024-h4096-i16384-t8-bf16,2026-09-17T12:58:15.356322+00:00,mn01,24,1,imbps,opt,prepacked,bf16,8,1024,4096,16384,4,4,163653999,163.653999,6257.103439311618,1679.6284149707824,0.056640625,7.95168,268435456,268435456,16777216,8388608,8388608,0.0009765625,1192.78515625,True,20250917,none
20260917T125802Z-opt-m1024-h4096-i16384-t8-bf16,2026-09-17T12:58:15.519445+00:00,mn01,25,0,reference,opt,canonical,bf16,8,1024,4096,16384,4,5,162985300,162.9853,6282.775195063604,1686.5196244323874,0.056640625,0.0,268435456,0,41943040,8388608,8388608,0.0009765625,1192.78515625,True,20250917,none
20260917T125802Z-opt-m1024-h4096-i16384-t8-bf16,2026-09-17T12:58:15.683207+00:00,mn01,25,1,imbps,opt,prepacked,bf16,8,1024,4096,16384,4,5,163648961,163.648961,6257.296066792626,1679.6801230164854,0.056640625,7.95168,268435456,268435456,16777216,8388608,8388608,0.0009765625,1192.78515625,True,20250917,none
20260917T125802Z-opt-m1024-h4096-i16384-t8-bf16,2026-09-17T12:58:15.846396+00:00,mn01,26,0,reference,opt,canonical,bf16,8,1024,4096,16384,4,6,163051970,163.05197,6280.206243444958,1685.8300267331942,0.056640625,0.0,268435456,0,41943040,8388608,8388608,0.0009765625,1192.78515625,True,20250917,none
20260917T125802Z-opt-m1024-h4096-i16384-t8-bf16,2026-09-17T12:58:16.010138+00:00,mn01,26,1,imbps,opt,prepacked,bf16,8,1024,4096,16384,4,6,163629071,163.629071,6258.056675026897,1679.8842972346888,0.056640625,7.95168,268435456,268435456,16777216,8388608,8388608,0.0009765625,1192.78515625,True,20250917,none
20260917T125802Z-opt-m1024-h4096-i16384-t8-bf16,2026-09-17T12:58:16.173245+00:00,mn01,27,0,reference,opt,canonical,bf16,8,1024,4096,16384,4,7,162976306,162.976306,6283.121915893713,1686.6126965965225,0.056640625,0.0,268435456,0,41943040,8388608,8388608,0.0009765625,1192.78515625,True,20250917,none
20260917T125802Z-opt-m1024-h4096-i16384-t8-bf16,2026-09-17T12:58:16.337028+00:00,mn01,27,1,imbps,opt,prepacked,bf16,8,1024,4096,16384,4,7,163667610,163.66761,6256.583083238033,1679.4887329508874,0.056640625,7.95168,268435456,268435456,16777216,8388608,8388608,0.0009765625,1192.78515625,True,20250917,none
20260917T125802Z-opt-m1024-h4096-i16384-t8-bf16,2026-09-17T12:58:16.500798+00:00,mn01,28,0,imbps,opt,prepacked,bf16,8,1024,4096,16384,4,8,163640849,163.640849,6257.606253313927,1679.7633880767753,0.056640625,7.95168,268435456,268435456,16777216,8388608,8388608,0.0009765625,1192.78515625,True,20250917,none
20260917T125802Z-opt-m1024-h4096-i16384-t8-bf16,2026-09-17T12:58:16.663913+00:00,mn01,28,1,reference,opt,canonical,bf16,8,1024,4096,16384,4,8,162988275,162.988275,6282.660516531021,1686.4888406482,0.056640625,0.0,268435456,0,41943040,8388608,8388608,0.0009765625,1192.78515625,True,20250917,none
20260917T125802Z-opt-m1024-h4096-i16384-t8-bf16,2026-09-17T12:58:16.827672+00:00,mn01,29,0,imbps,opt,prepacked,bf16,8,1024,4096,16384,4,9,163636643,163.636643,6257.7670943787325,1679.8065635213502,0.056640625,7.95168,268435456,268435456,16777216,8388608,8388608,0.0009765625,1192.78515625,True,20250917,none
20260917T125802Z-opt-m1024-h4096-i16384-t8-bf16,2026-09-17T12:58:16.990830+00:00,mn01,29,1,reference,opt,canonical,bf16,8,1024,4096,16384,4,9,163030278,163.030278,6281.041856531705,1686.054334913175,0.056640625,0.0,268435456,0,41943040,8388608,8388608,0.0009765625,1192.78515625,True,20250917,none
20260917T125802Z-opt-m1024-h4096-i16384-t8-bf16,2026-09-17T12:58:18.523638+00:00,mn01,30,0,imbps,opt,prepacked,bf16,8,1024,4096,16384,5,0,163361658,163.361658,6268.300729415957,1682.6341646459048,0.056640625,8.273997,268435456,268435456,15099904,8388608,8388608,0.0009765625,660.2421875,True,20250917,none
20260917T125802Z-opt-m1024-h4096-i16384-t8-bf16,2026-09-17T12:58:18.686727+00:00,mn01,30,1,reference,opt,canonical,bf16,8,1024,4096,16384,5,0,162960453,162.960453,6283.7331459799025,1686.7767724234295,0.056640625,0.0,268435456,0,41943040,8388608,8388608,0.0009765625,660.2421875,True,20250917,none
20260917T125802Z-opt-m1024-h4096-i16384-t8-bf16,2026-09-17T12:58:18.849675+00:00,mn01,31,0,reference,opt,canonical,bf16,8,1024,4096,16384,5,1,162809656,162.809656,6289.553243697044,1688.3390930080952,0.056640625,0.0,268435456,0,41943040,8388608,8388608,0.0009765625,660.2421875,True,20250917,none
20260917T125802Z-opt-m1024-h4096-i16384-t8-bf16,2026-09-17T12:58:19.013139+00:00,mn01,31,1,imbps,opt,prepacked,bf16,8,1024,4096,16384,5,1,163353586,163.353586,6268.610472989555,1682.7173108033269,0.056640625,8.273997,268435456,268435456,15099904,8388608,8388608,0.0009765625,660.2421875,True,20250917,none
20260917T125802Z-opt-m1024-h4096-i16384-t8-bf16,2026-09-17T12:58:19.176640+00:00,mn01,32,0,imbps,opt,prepacked,bf16,8,1024,4096,16384,5,2,163376731,163.376731,6267.7224212547135,1682.478926230933,0.056640625,8.273997,268435456,268435456,15099904,8388608,8388608,0.0009765625,660.2421875,True,20250917,none
20260917T125802Z-opt-m1024-h4096-i16384-t8-bf16,2026-09-17T12:58:19.339776+00:00,mn01,32,1,reference,opt,canonical,bf16,8,1024,4096,16384,5,2,163003808,163.003808,6282.061827659879,1686.328131328073,0.056640625,0.0,268435456,0,41943040,8388608,8388608,0.0009765625,660.2421875,True,20250917,none
20260917T125802Z-opt-m1024-h4096-i16384-t8-bf16,2026-09-17T12:58:19.502731+00:00,mn01,33,0,reference,opt,canonical,bf16,8,1024,4096,16384,5,3,162817538,162.817538,6289.2487663091915,1688.2573604816455,0.056640625,0.0,268435456,0,41943040,8388608,8388608,0.0009765625,660.2421875,True,20250917,none
20260917T125802Z-opt-m1024-h4096-i16384-t8-bf16,2026-09-17T12:58:19.666183+00:00,mn01,33,1,imbps,opt,prepacked,bf16,8,1024,4096,16384,5,3,163340166,163.340166,6269.125500949962,1682.8555625687316,0.056640625,8.273997,268435456,268435456,15099904,8388608,8388608,0.0009765625,660.2421875,True,20250917,none
20260917T125802Z-opt-m1024-h4096-i16384-t8-bf16,2026-09-17T12:58:19.829695+00:00,mn01,34,0,imbps,opt,prepacked,bf16,8,1024,4096,16384,5,4,163386035,163.386035,6267.365506482852,1682.3831176513954,0.056640625,8.273997,268435456,268435456,15099904,8388608,8388608,0.0009765625,660.2421875,True,20250917,none
20260917T125802Z-opt-m1024-h4096-i16384-t8-bf16,2026-09-17T12:58:19.992817+00:00,mn01,34,1,reference,opt,canonical,bf16,8,1024,4096,16384,5,4,162997648,162.997648,6282.299239066321,1686.3918609672207,0.056640625,0.0,268435456,0,41943040,8388608,8388608,0.0009765625,660.2421875,True,20250917,none
20260917T125802Z-opt-m1024-h4096-i16384-t8-bf16,2026-09-17T12:58:20.156248+00:00,mn01,35,0,imbps,opt,prepacked,bf16,8,1024,4096,16384,5,5,163309289,163.309289,6270.310808835865,1683.1737412315842,0.056640625,8.273997,268435456,268435456,15099904,8388608,8388608,0.0009765625,660.2421875,True,20250917,none
20260917T125802Z-opt-m1024-h4096-i16384-t8-bf16,2026-09-17T12:58:20.319352+00:00,mn01,35,1,reference,opt,canonical,bf16,8,1024,4096,16384,5,5,162975906,162.975906,6283.137336877268,1686.6168361352752,0.056640625,0.0,268435456,0,41943040,8388608,8388608,0.0009765625,660.2421875,True,20250917,none
20260917T125802Z-opt-m1024-h4096-i16384-t8-bf16,2026-09-17T12:58:20.482819+00:00,mn01,36,0,imbps,opt,prepacked,bf16,8,1024,4096,16384,5,6,163339264,163.339264,6269.160120618641,1682.8648557152799,0.056640625,8.273997,268435456,268435456,15099904,8388608,8388608,0.0009765625,660.2421875,True,20250917,none
20260917T125802Z-opt-m1024-h4096-i16384-t8-bf16,2026-09-17T12:58:20.645967+00:00,mn01,36,1,reference,opt,canonical,bf16,8,1024,4096,16384,5,6,163020174,163.020174,6281.43115587645,1686.1588366603019,0.056640625,0.0,268435456,0,41943040,8388608,8388608,0.0009765625,660.2421875,True,20250917,none
20260917T125802Z-opt-m1024-h4096-i16384-t8-bf16,2026-09-17T12:58:20.809477+00:00,mn01,37,0,imbps,opt,prepacked,bf16,8,1024,4096,16384,5,7,163386425,163.386425,6267.350546411674,1682.379101837867,0.056640625,8.273997,268435456,268435456,15099904,8388608,8388608,0.0009765625,660.2421875,True,20250917,none
20260917T125802Z-opt-m1024-h4096-i16384-t8-bf16,2026-09-17T12:58:20.972623+00:00,mn01,37,1,reference,opt,canonical,bf16,8,1024,4096,16384,5,7,163023038,163.023038,6281.32080325972,1686.1292141053095,0.056640625,0.0,268435456,0,41943040,8388608,8388608,0.0009765625,660.2421875,True,20250917,none
20260917T125802Z-opt-m1024-h4096-i16384-t8-bf16,2026-09-17T12:58:21.136067+00:00,mn01,38,0,imbps,opt,prepacked,bf16,8,1024,4096,16384,5,8,163325103,163.325103,6269.703684191156,1683.0107674507328,0.056640625,8.273997,268435456,268435456,15099904,8388608,8388608,0.0009765625,660.2421875,True,20250917,none
20260917T125802Z-opt-m1024-h4096-i16384-t8-bf16,2026-09-17T12:58:21.299154+00:00,mn01,38,1,reference,opt,canonical,bf16,8,1024,4096,16384,5,8,162959892,162.959892,6283.754778138906,1686.782579261896,0.056640625,0.0,268435456,0,41943040,8388608,8388608,0.0009765625,660.2421875,True,20250917,none
20260917T125802Z-opt-m1024-h4096-i16384-t8-bf16,2026-09-17T12:58:21.462579+00:00,mn01,39,0,imbps,opt,prepacked,bf16,8,1024,4096,16384,5,9,163306636,163.306636,6270.412673248624,1683.2010852516735,0.056640625,8.273997,268435456,268435456,15099904,8388608,8388608,0.0009765625,660.2421875,True,20250917,none
20260917T125802Z-opt-m1024-h4096-i16384-t8-bf16,2026-09-17T12:58:21.625746+00:00,mn01,39,1,reference,opt,canonical,bf16,8,1024,4096,16384,5,9,163036989,163.036989,6280.783313533839,1685.9849328056468,0.056640625,0.0,268435456,0,41943040,8388608,8388608,0.0009765625,660.2421875,True,20250917,none
20260917T125802Z-opt-m1024-h4096-i16384-t8-bf16,2026-09-17T12:58:23.195895+00:00,mn01,40,0,imbps,opt,prepacked,bf16,8,1024,4096,16384,6,0,170569597,170.569597,6003.414547552692,1611.5293216293405,0.056396484375,7.991471,268435456,268435456,13981696,8388608,8388608,0.0009765625,730.2120971679688,True,20250917,none
20260917T125802Z-opt-m1024-h4096-i16384-t8-bf16,2026-09-17T12:58:23.359139+00:00,mn01,40,1,reference,opt,canonical,bf16,8,1024,4096,16384,6,0,163107796,163.107796,6278.056752112572,1685.2530270472173,0.056640625,0.0,268435456,0,41943040,8388608,8388608,0.0009765625,730.2120971679688,True,20250917,none
20260917T125802Z-opt-m1024-h4096-i16384-t8-bf16,2026-09-17T12:58:23.530209+00:00,mn01,41,0,imbps,opt,prepacked,bf16,8,1024,4096,16384,6,1,170942541,170.942541,5990.3169451541025,1608.0134607569687,0.056396484375,7.991471,268435456,268435456,13981696,8388608,8388608,0.0009765625,730.2120971679688,True,20250917,none
20260917T125802Z-opt-m1024-h4096-i16384-t8-bf16,2026-09-17T12:58:23.693469+00:00,mn01,41,1,reference,opt,canonical,bf16,8,1024,4096,16384,6,1,163130210,163.13021,6277.194150611343,1685.0214742198884,0.056640625,0.0,268435456,0,41943040,8388608,8388608,0.0009765625,730.2120971679688,True,20250917,none
20260917T125802Z-opt-m1024-h4096-i16384-t8-bf16,2026-09-17T12:58:23.864550+00:00,mn01,42,0,imbps,opt,prepacked,bf16,8,1024,4096,16384,6,2,170961048,170.961048,5989.66847699717,1607.8393889115607,0.056396484375,7.991471,268435456,268435456,13981696,8388608,8388608,0.0009765625,730.2120971679688,True,20250917,none
20260917T125802Z-opt-m1024-h4096-i16384-t8-bf16,2026-09-17T12:58:24.027742+00:00,mn01,42,1,reference,opt,canonical,bf16,8,1024,4096,16384,6,2,163065231,163.065231,6279.695516452553,1685.6929295000969,0.056640625,0.0,268435456,0,41943040,8388608,8388608,0.0009765625,730.2120971679688,True,20250917,none
20260917T125802Z-opt-m1024-h4096-i16384-t8-bf16,2026-09-17T12:58:24.198722+00:00,mn01,43,0,imbps,opt,prepacked,bf16,8,1024,4096,16384,6,3,170859676,170.859676,5993.222180756096,1608.7933290005772,0.056396484375,7.991471,268435456,268435456,13981696,8388608,8388608,0.0009765625,730.2120971679688,True,20250917,none
20260917T125802Z-opt-m1024-h4096-i16384-t8-bf16,2026-09-17T12:58:24.361955+00:00,mn01,43,1,reference,opt,canonical,bf16,8,1024,4096,16384,6,3,163108046,163.108046,6278.047129569562,1685.2504440154964,0.056640625,0.0,268435456,0,41943040,8388608,8388608,0.0009765625,730.2120971679688,True,20250917,none
20260917T125802Z-opt-m1024-h4096-i16384-t8-bf16,2026-09-17T12:58:24.533083+00:00,mn01,44,0,imbps,opt,prepacked,bf16,8,1024,4096,16384,6,4,171001630,171.00163,5988.247012616196,1607.4578174722662,0.056396484375,7.991471,268435456,268435456,13981696,8388608,8388608,0.0009765625,730.2120971679688,True,20250917,none
20260917T125802Z-opt-m1024-h4096-i16384-t8-bf16,2026-09-17T12:58:24.696317+00:00,mn01,44,1,reference,opt,canonical,bf16,8,1024,4096,16384,6,4,163106494,163.106494,6278.106866793421,1685.2664796044235,0.056640625,0.0,268435456,0,41943040,8388608,8388608,0.0009765625,730.2120971679688,True,20250917,none
20260917T125802Z-opt-m1024-h4096-i16384-t8-bf16,2026-09-17T12:58:24.867432+00:00,mn01,45,0,imbps,opt,prepacked,bf16,8,1024,4096,16384,6,5,170992756,170.992756,5988.5577842841485,1607.541239606665,0.056396484375,7.991471,268435456,268435456,13981696,8388608,8388608,0.0009765625,730.2120971679688,True,20250917,none
20260917T125802Z-opt-m1024-h4096-i16384-t8-bf16,2026-09-17T12:58:25.030701+00:00,mn01,45,1,reference,opt,canonical,bf16,8,1024,4096,16384,6,5,163143070,163.14307,6276.699341259178,1684.888649845807,0.056640625,0.0,268435456,0,41943040,8388608,8388608,0.0009765625,730.2120971679688,True,20250917,none
20260917T125802Z-opt-m1024-h4096-i16384-t8-bf16,2026-09-17T12:58:25.193750+00:00,mn01,46,0,reference,opt,canonical,bf16,8,1024,4096,16384,6,6,162910358,162.910358,6285.665396426174,1687.295456953081,0.056640625,0.0,268435456,0,41943040,8388608,8388608,0.0009765625,730.2120971679688,True,20250917,none
20260917T125802Z-opt-m1024-h4096-i16384-t8-bf16,2026-09-17T12:58:25.364894+00:00,mn01,46,1,imbps,opt,prepacked,bf16,8,1024,4096,16384,6,6,171034489,171.034489,5987.096555712807,1607.1489940487968,0.056396484375,7.991471,268435456,268435456,13981696,8388608,8388608,0.0009765625,730.2120971679688,True,20250917,none
20260917T125802Z-opt-m1024-h4096-i16384-t8-bf16,2026-09-17T12:58:25.535649+00:00,mn01,47,0,imbps,opt,prepacked,bf16,8,1024,4096,16384,6,7,170627675,170.627675,6001.371114035282,1610.980791621289,0.056396484375,7.991471,268435456,268435456,13981696,8388608,8388608,0.0009765625,730.2120971679688,True,20250917,none
20260917T125802Z-opt-m1024-h4096-i16384-t8-bf16,2026-09-17T12:58:25.698894+00:00,mn01,47,1,reference,opt,canonical,bf16,8,1024,4096,16384,6,7,163115087,163.115087,6277.776132381918,1685.1776987618564,0.056640625,0.0,268435456,0,41943040,8388608,8388608,0.0009765625,730.2120971679688,True,20250917,none
20260917T125802Z-opt-m1024-h4096-i16384-t8-bf16,2026-09-17T12:58:25.869925+00:00,mn01,48,0,imbps,opt,prepacked,bf16,8,1024,4096,16384,6,8,170909450,170.90945,5991.476773226993,1608.3247997345964,0.056396484375,7.991471,268435456,268435456,13981696,8388608,8388608,0.0009765625,730.2120971679688,True,20250917,none
20260917T125802Z-opt-m1024-h4096-i16384-t8-bf16,2026-09-17T12:58:26.033173+00:00,mn01,48,1,reference,opt,canonical,bf16,8,1024,4096,16384,6,8,163119675,163.119675,6277.599559954984,1685.1303004619156,0.056640625,0.0,268435456,0,41943040,8388608,8388608,0.0009765625,730.2120971679688,True,20250917,none
20260917T125802Z-opt-m1024-h4096-i16384-t8-bf16,2026-09-17T12:58:26.196225+00:00,mn01,49,0,reference,opt,canonical,bf16,8,1024,4096,16384,6,9,162916898,162.916898,6285.413069919856,1687.2277235722963,0.056640625,0.0,268435456,0,41943040,8388608,8388608,0.0009765625,730.2120971679688,True,20250917,none
20260917T125802Z-opt-m1024-h4096-i16384-t8-bf16,2026-09-17T12:58:26.367441+00:00,mn01,49,1,imbps,opt,prepacked,bf16,8,1024,4096,16384,6,9,171105487,171.105487,5984.6122877403695,1606.4821284427892,0.056396484375,7.991471,268435456,268435456,13981696,8388608,8388608,0.0009765625,730.2120971679688,True,20250917,none
20260917T125802Z-opt-m1024-h4096-i16384-t8-bf16,2026-09-17T12:58:27.934715+00:00,mn01,50,0,imbps,opt,prepacked,bf16,8,1024,4096,16384,7,0,172104744,172.104744,5949.865042651003,1597.1547358624814,0.056396484375,7.049249,268435456,268435456,13182976,8388608,8388608,0.0009765625,1031.46875,True,20250917,none
20260917T125802Z-opt-m1024-h4096-i16384-t8-bf16,2026-09-17T12:58:28.097957+00:00,mn01,50,1,reference,opt,canonical,bf16,8,1024,4096,16384,7,0,163115789,163.115789,6277.74911477147,1685.1704462772761,0.056640625,0.0,268435456,0,41943040,8388608,8388608,0.0009765625,1031.46875,True,20250917,none
20260917T125802Z-opt-m1024-h4096-i16384-t8-bf16,2026-09-17T12:58:28.261062+00:00,mn01,51,0,reference,opt,canonical,bf16,8,1024,4096,16384,7,1,162966424,162.966424,6283.502913459032,1686.714969851704,0.056640625,0.0,268435456,0,41943040,8388608,8388608,0.0009765625,1031.46875,True,20250917,none
20260917T125802Z-opt-m1024-h4096-i16384-t8-bf16,2026-09-17T12:58:28.433546+00:00,mn01,51,1,imbps,opt,prepacked,bf16,8,1024,4096,16384,7,1,172372990,172.37299,5940.605891909167,1594.6692515109241,0.056396484375,7.049249,268435456,268435456,13182976,8388608,8388608,0.0009765625,1031.46875,True,20250917,none
20260917T125802Z-opt-m1024-h4096-i16384-t8-bf16,2026-09-17T12:58:28.596935+00:00,mn01,52,0,reference,opt,canonical,bf16,8,1024,4096,16384,7,2,163246096,163.246096,6272.738062905957,1683.8253022847175,0.056640625,0.0,268435456,0,41943040,8388608,8388608,0.0009765625,1031.46875,True,20250917,none
20260917T125802Z-opt-m1024-h4096-i16384-t8-bf16,2026-09-17T12:58:28.769324+00:00,mn01,52,1,imbps,opt,prepacked,bf16,8,1024,4096,16384,7,2,172276865,172.276865,5943.920560662628,1595.5590261292484,0.056396484375,7.049249,268435456,268435456,13182976,8388608,8388608,0.0009765625,1031.46875,True,20250917,none
20260917T125802Z-opt-m1024-h4096-i16384-t8-bf16,2026-09-17T12:58:28.932596+00:00,mn01,53,0,reference,opt,canonical,bf16,8,1024,4096,16384,7,3,163127417,163.127417,6277.301626127017,1685.0503244589472,0.056640625,0.0,268435456,0,41943040,8388608,8388608,0.0009765625,1031.46875,True,20250917,none
20260917T125802Z-opt-m1024-h4096-i16384-t8-bf16,2026-09-17T12:58:29.105050+00:00,mn01,53,1,imbps,opt,prepacked,bf16,8,1024,4096,16384,7,3,172344738,172.344738,5941.5797191324755,1594.9306612656778,0.056396484375,7.049249,268435456,268435456,13182976,8388608,8388608,0.0009765625,1031.46875,True,20250917,none
20260917T125802Z-opt-m1024-h4096-i16384-t8-bf16,2026-09-17T12:58:29.277357+00:00,mn01,54,0,imbps,opt,prepacked,bf16,8,1024,4096,16384,7,4,172174220,172.17422,5947.46414416746,1596.5102495832418,0.056396484375,7.049249,268435456,268435456,13182976,8388608,8388608,0.0009765625,1031.46875,True,20250917,none
20260917T125802Z-opt-m1024-h4096-i16384-t8-bf16,2026-09-17T12:58:29.440640+00:00,mn01,54,1,reference,opt,canonical,bf16,8,1024,4096,16384,7,4,163151262,163.151262,6276.384181447521,1684.8040497780519,0.056640625,0.0,268435456,0,41943040,8388608,8388608,0.0009765625,1031.46875,True,20250917,none
20260917T125802Z-opt-m1024-h4096-i16384-t8-bf16,2026-09-17T12:58:29.603776+00:00,mn01,55,0,reference,opt,canonical,bf16,8,1024,4096,16384,7,5,162994606,162.994606,6282.416486837608,1686.423334426171,0.056640625,0.0,268435456,0,41943040,8388608,8388608,0.0009765625,1031.46875,True,20250917,none
20260917T125802Z-opt-m1024-h4096-i16384-t8-bf16,2026-09-17T12:58:29.776337+00:00,mn01,55,1,imbps,opt,prepacked,bf16,8,1024,4096,16384,7,5,172450176,172.450176,5937.9469696801,1593.955502509896,0.056396484375,7.049249,268435456,268435456,13182976,8388608,8388608,0.0009765625,1031.46875,True,20250917,none
20260917T125802Z-opt-m1024-h4096-i16384-t8-bf16,2026-09-17T12:58:29.939540+00:00,mn01,56,0,reference,opt,canonical,bf16,8,1024,4096,16384,7,6,163062609,163.062609,6279.796492155967,1685.7200349590873,0.056640625,0.0,268435456,0,41943040,8388608,8388608,0.0009765625,1031.46875,True,20250917,none
20260917T125802Z-opt-m1024-h4096-i16384-t8-bf16,2026-09-17T12:58:30.111992+00:00,mn01,56,1,imbps,opt,prepacked,bf16,8,1024,4096,16384,7,6,172342705,172.342705,5941.64980757381,1594.949475488388,0.056396484375,7.049249,268435456,268435456,13182976,8388608,8388608,0.0009765625,1031.46875,True,20250917,none
20260917T125802Z-opt-m1024-h4096-i16384-t8-bf16,2026-09-17T12:58:30.284352+00:00,mn01,57,0,imbps,opt,prepacked,bf16,8,1024,4096,16384,7,7,172233219,172.233219,5945.426822685117,1595.9633602621107,0.056396484375,7.049249,268435456,268435456,13182976,8388608,8388608,0.0009765625,1031.46875,True,20250917,none
20260917T125802Z-opt-m1024-h4096-i16384-t8-bf16,2026-09-17T12:58:30.447597+00:00,mn01,57,1,reference,opt,canonical,bf16,8,1024,4096,16384,7,7,163112925,163.112925,6277.859341925234,1685.20003515356,0.056640625,0.0,268435456,0,41943040,8388608,8388608,0.0009765625,1031.46875,True,20250917,none
20260917T125802Z-opt-m1024-h4096-i16384-t8-bf16,2026-09-17T12:58:30.610665+00:00,mn01,58,0,reference,opt,canonical,bf16,8,1024,4096,16384,7,8,162932493,162.932493,6284.811464831634,1687.0662314361077,0.056640625,0.0,268435456,0,41943040,8388608,8388608,0.0009765625,1031.46875,True,20250917,none
20260917T125802Z-opt-m1024-h4096-i16384-t8-bf16,2026-09-17T12:58:30.783154+00:00,mn01,58,1,imbps,opt,prepacked,bf16,8,1024,4096,16384,7,8,172381944,172.381944,5940.29732023442,1594.5864199327048,0.056396484375,7.049249,268435456,268435456,13182976,8388608,8388608,0.0009765625,1031.46875,True,20250917,none
20260917T125802Z-opt-m1024-h4096-i16384-t8-bf16,2026-09-17T12:58:30.946410+00:00,mn01,59,0,reference,opt,canonical,bf16,8,1024,4096,16384,7,9,163119785,163.119785,6277.595326649064,1685.1291640925103,0.056640625,0.0,268435456,0,41943040,8388608,8388608,0.0009765625,1031.46875,True,20250917,none
20260917T125802Z-opt-m1024-h4096-i16384-t8-bf16,2026-09-17T12:58:31.118860+00:00,mn01,59,1,imbps,opt,prepacked,bf16,8,1024,4096,16384,7,9,172342494,172.342494,5941.657081973062,1594.9514281950683,0.056396484375,7.049249,268435456,268435456,13182976,8388608,8388608,0.0009765625,1031.46875,True,20250917,none
20260917T125802Z-opt-m1024-h4096-i16384-t8-bf16,2026-09-17T12:58:32.642806+00:00,mn01,60,0,imbps,opt,prepacked,bf16,8,1024,4096,16384,8,0,164665649,164.665649,6218.661914119077,1669.3093466263872,0.056396484375,6.523916,268435456,268435456,12582912,8388608,8388608,0.00146484375,979.0703125,True,20250917,none
20260917T125802Z-opt-m1024-h4096-i16384-t8-bf16,2026-09-17T12:58:32.806007+00:00,mn01,60,1,reference,opt,canonical,bf16,8,1024,4096,16384,8,0,163072114,163.072114,6279.430461053568,1685.6217792332047,0.056640625,0.0,268435456,0,41943040,8388608,8388608,0.00146484375,979.0703125,True,20250917,none
20260917T125802Z-opt-m1024-h4096-i16384-t8-bf16,2026-09-17T12:58:32.970503+00:00,mn01,61,0,imbps,opt,prepacked,bf16,8,1024,4096,16384,8,1,164366927,164.366927,6229.9637688061175,1672.3431651429487,0.056396484375,6.523916,268435456,268435456,12582912,8388608,8388608,0.00146484375,979.0703125,True,20250917,none
20260917T125802Z-opt-m1024-h4096-i16384-t8-bf16,2026-09-17T12:58:33.133689+00:00,mn01,61,1,reference,opt,canonical,bf16,8,1024,4096,16384,8,1,163060195,163.060195,6279.889460453546,1685.7449909464415,0.056640625,0.0,268435456,0,41943040,8388608,8388608,0.00146484375,979.0703125,True,20250917,none
20260917T125802Z-opt-m1024-h4096-i16384-t8-bf16,2026-09-17T12:58:33.298091+00:00,mn01,62,0,imbps,opt,prepacked,bf16,8,1024,4096,16384,8,2,164280467,164.280467,6233.242568028492,1673.2233111073394,0.056396484375,6.523916,268435456,268435456,12582912,8388608,8388608,0.00146484375,979.0703125,True,20250917,none
20260917T125802Z-opt-m1024-h4096-i16384-t8-bf16,2026-09-17T12:58:33.461268+00:00,mn01,62,1,reference,opt,canonical,bf16,8,1024,4096,16384,8,2,163045833,163.045833,6280.442628668713,1685.8934809085247,0.056640625,0.0,268435456,0,41943040,8388608,8388608,0.00146484375,979.0703125,True,20250917,none
20260917T125802Z-opt-m1024-h4096-i16384-t8-bf16,2026-09-17T12:58:33.624340+00:00,mn01,63,0,reference,opt,canonical,bf16,8,1024,4096,16384,8,3,162934035,162.934035,6284.751985673221,1687.0502651210963,0.056640625,0.0,268435456,0,41943040,8388608,8388608,0.00146484375,979.0703125,True,20250917,none
20260917T125802Z-opt-m1024-h4096-i16384-t8-bf16,2026-09-17T12:58:33.788776+00:00,mn01,63,1,imbps,opt,prepacked,bf16,8,1024,4096,16384,8,3,164324163,164.324163,6231.585065186062,1672.7783785760103,0.056396484375,6.523916,268435456,268435456,12582912,8388608,8388608,0.00146484375,979.0703125,True,20250917,none
20260917T125802Z-opt-m1024-h4096-i16384-t8-bf16,2026-09-17T12:58:33.953354+00:00,mn01,64,0,imbps,opt,prepacked,bf16,8,1024,4096,16384,8,4,164451936,164.451936,6226.743356794535,1671.4786923761117,0.056396484375,6.523916,268435456,268435456,12582912,8388608,8388608,0.00146484375,979.0703125,True,20250917,none
20260917T125802Z-opt-m1024-h4096-i16384-t8-bf16,2026-09-17T12:58:34.116559+00:00,mn01,64,1,reference,opt,canonical,bf16,8,1024,4096,16384,8,4,163073185,163.073185,6279.389220244885,1685.6107087379203,0.056640625,0.0,268435456,0,41943040,8388608,8388608,0.00146484375,979.0703125,True,20250917,none
20260917T125802Z-opt-m1024-h4096-i16384-t8-bf16,2026-09-17T12:58:34.280963+00:00,mn01,65,0,imbps,opt,prepacked,bf16,8,1024,4096,16384,8,5,164280628,164.280628,6233.236459261648,1673.221671297726,0.056396484375,6.523916,268435456,268435456,12582912,8388608,8388608,0.00146484375,979.0703125,True,20250917,none
20260917T125802Z-opt-m1024-h4096-i16384-t8-bf16,2026-09-17T12:58:34.444139+00:00,mn01,65,1,reference,opt,canonical,bf16,8,1024,4096,16384,8,5,163043941,163.043941,6280.5155083929185,1685.913044410525,0.056640625,0.0,268435456,0,41943040,8388608,8388608,0.00146484375,979.0703125,True,20250917,none
20260917T125802Z-opt-m1024-h4096-i16384-t8-bf16,2026-09-17T12:58:34.608551+00:00,mn01,66,0,imbps,opt,prepacked,bf16,8,1024,4096,16384,8,6,164290232,164.290232,6232.872079698566,1673.1238589035531,0.056396484375,6.523916,268435456,268435456,12582912,8388608,8388608,0.00146484375,979.0703125,True,20250917,none
20260917T125802Z-opt-m1024-h4096-i16384-t8-bf16,2026-09-17T12:58:34.771722+00:00,mn01,66,1,reference,opt,canonical,bf16,8,1024,4096,16384,8,6,163044422,163.044422,6280.496980142013,1685.9080707710443,0.056640625,0.0,268435456,0,41943040,8388608,8388608,0.00146484375,979.0703125,True,20250917,none
20260917T125802Z-opt-m1024-h4096-i16384-t8-bf16,2026-09-17T12:58:34.934766+00:00,mn01,67,0,reference,opt,canonical,bf16,8,1024,4096,16384,8,7,162909268,162.909268,6285.70745281355,1687.3067463786037,0.056640625,0.0,268435456,0,41943040,8388608,8388608,0.00146484375,979.0703125,True,20250917,none
20260917T125802Z-opt-m1024-h4096-i16384-t8-bf16,2026-09-17T12:58:35.099143+00:00,mn01,67,1,imbps,opt,prepacked,bf16,8,1024,4096,16384,8,7,164266837,164.266837,6233.759769782381,1673.3621463959887,0.056396484375,6.523916,268435456,268435456,12582912,8388608,8388608,0.00146484375,979.0703125,True,20250917,none
20260917T125802Z-opt-m1024-h4096-i16384-t8-bf16,2026-09-17T12:58:35.263562+00:00,mn01,68,0,imbps,opt,prepacked,bf16,8,1024,4096,16384,8,8,164295790,164.29579,6232.661226437999,1673.0672584124036,0.056396484375,6.523916,268435456,268435456,12582912,8388608,8388608,0.00146484375,979.0703125,True,20250917,none
20260917T125802Z-opt-m1024-h4096-i16384-t8-bf16,2026-09-17T12:58:35.426763+00:00,mn01,68,1,reference,opt,canonical,bf16,8,1024,4096,16384,8,8,163073476,163.073476,6279.378014852642,1685.6077008133439,0.056640625,0.0,268435456,0,41943040,8388608,8388608,0.00146484375,979.0703125,True,20250917,none
20260917T125802Z-opt-m1024-h4096-i16384-t8-bf16,2026-09-17T12:58:35.591184+00:00,mn01,69,0,imbps,opt,prepacked,bf16,8,1024,4096,16384,8,9,164297363,164.297363,6232.601554292749,1673.0512402928828,0.056396484375,6.523916,268435456,268435456,12582912,8388608,8388608,0.00146484375,979.0703125,True,20250917,none
20260917T125802Z-opt-m1024-h4096-i16384-t8-bf16,2026-09-17T12:58:35.754351+00:00,mn01,69,1,reference,opt,canonical,bf16,8,1024,4096,16384,8,9,163030581,163.030581,6281.030182920099,1686.0512013019202,0.056640625,0.0,268435456,0,41943040,8388608,8388608,0.00146484375,979.0703125,True,20250917,none
20260917T125802Z-opt-m1024-h4096-i16384-t8-bf16,2026-09-17T12:58:37.310245+00:00,mn01,70,0,imbps,opt,prepacked,bf16,8,1024,4096,16384,16,0,170550010,170.55001,6004.104016176839,1611.714399453861,0.056640625,6.736828,268435456,268435456,10485760,8388608,8388608,0.001953125,1407.671875,True,20250917,none
20260917T125802Z-opt-m1024-h4096-i16384-t8-bf16,2026-09-17T12:58:37.473698+00:00,mn01,70,1,reference,opt,canonical,bf16,8,1024,4096,16384,16,0,163316333,163.316333,6270.04036393592,1683.1011442315448,0.056640625,0.0,268435456,0,41943040,8388608,8388608,0.001953125,1407.671875,True,20250917,none
20260917T125802Z-opt-m1024-h4096-i16384-t8-bf16,2026-09-17T12:58:37.636751+00:00,mn01,71,0,reference,opt,canonical,bf16,8,1024,4096,16384,16,1,162908758,162.908758,6285.727130766046,1687.312028638755,0.056640625,0.0,268435456,0,41943040,8388608,8388608,0.001953125,1407.671875,True,20250917,none
20260917T125802Z-opt-m1024-h4096-i16384-t8-bf16,2026-09-17T12:58:37.807218+00:00,mn01,71,1,imbps,opt,prepacked,bf16,8,1024,4096,16384,16,1,170362517,170.362517,6010.711851598201,1613.4881767683673,0.056640625,6.736828,268435456,268435456,10485760,8388608,8388608,0.001953125,1407.671875,True,20250917,none
20260917T125802Z-opt-m1024-h4096-i16384-t8-bf16,2026-09-17T12:58:37.970673+00:00,mn01,72,0,reference,opt,canonical,bf16,8,1024,4096,16384,16,2,163313398,163.313398,6270.15304647571,1683.1313922204963,0.056640625,0.0,268435456,0,41943040,8388608,8388608,0.001953125,1407.671875,True,20250917,none
20260917T125802Z-opt-m1024-h4096-i16384-t8-bf16,2026-09-17T12:58:38.141270+00:00,mn01,72,1,imbps,opt,prepacked,bf16,8,1024,4096,16384,16,2,170487926,170.487926,6006.290439593945,1612.3013130208412,0.056640625,6.736828,268435456,268435456,10485760,8388608,8388608,0.001953125,1407.671875,True,20250917,none
20260917T125802Z-opt-m1024-h4096-i16384-t8-bf16,2026-09-17T12:58:38.312116+00:00,mn01,73,0,imbps,opt,prepacked,bf16,8,1024,4096,16384,16,3,170728781,170.728781,5997.817087442334,1610.0267648721747,0.056640625,6.736828,268435456,268435456,10485760,8388608,8388608,0.001953125,1407.671875,True,20250917,none
20260917T125802Z-opt-m1024-h4096-i16384-t8-bf16,2026-09-17T12:58:38.475518+00:00,mn01,73,1,reference,opt,canonical,bf16,8,1024,4096,16384,16,3,163277284,163.277284,6271.539891611622,1683.5036706269564,0.056640625,0.0,268435456,0,41943040,8388608,8388608,0.001953125,1407.671875,True,20250917,none
20260917T125802Z-opt-m1024-h4096-i16384-t8-bf16,2026-09-17T12:58:38.645864+00:00,mn01,74,0,imbps,opt,prepacked,bf16,8,1024,4096,16384,16,4,170229045,170.229045,6015.424688542428,1614.7532693025446,0.056640625,6.736828,268435456,268435456,10485760,8388608,8388608,0.001953125,1407.671875,True,20250917,none
20260917T125802Z-opt-m1024-h4096-i16384-t8-bf16,2026-09-17T12:58:38.809278+00:00,mn01,74,1,reference,opt,canonical,bf16,8,1024,4096,16384,16,4,163288180,163.28818,6271.121400214026,1683.3913326978106,0.056640625,0.0,268435456,0,41943040,8388608,8388608,0.001953125,1407.671875,True,20250917,none
20260917T125802Z-opt-m1024-h4096-i16384-t8-bf16,2026-09-17T12:58:38.979788+00:00,mn01,75,0,imbps,opt,prepacked,bf16,8,1024,4096,16384,16,5,170391611,170.391611,6009.685535516182,1613.2126771428905,0.056640625,6.736828,268435456,268435456,10485760,8388608,8388608,0.001953125,1407.671875,True,20250917,none
20260917T125802Z-opt-m1024-h4096-i16384-t8-bf16,2026-09-17T12:58:39.143198+00:00,mn01,75,1,reference,opt,canonical,bf16,8,1024,4096,16384,16,5,163281580,163.28158,6271.374885029897,1683.4593770099482,0.056640625,0.0,268435456,0,41943040,8388608,8388608,0.001953125,1407.671875,True,20250917,none
20260917T125802Z-opt-m1024-h4096-i16384-t8-bf16,2026-09-17T12:58:39.313788+00:00,mn01,76,0,imbps,opt,prepacked,bf16,8,1024,4096,16384,16,6,170472224,170.472224,6006.843672081148,1612.4498202358175,0.056640625,6.736828,268435456,268435456,10485760,8388608,8388608,0.001953125,1407.671875,True,20250917,none
20260917T125802Z-opt-m1024-h4096-i16384-t8-bf16,2026-09-17T12:58:39.477228+00:00,mn01,76,1,reference,opt,canonical,bf16,8,1024,4096,16384,16,6,163310545,163.310545,6270.262584697149,1683.1607961629177,0.056640625,0.0,268435456,0,41943040,8388608,8388608,0.001953125,1407.671875,True,20250917,none
20260917T125802Z-opt-m1024-h4096-i16384-t8-bf16,2026-09-17T12:58:39.640263+00:00,mn01,77,0,reference,opt,canonical,bf16,8,1024,4096,16384,16,7,162897330,162.89733,6286.168103553324,1687.4304013699918,0.056640625,0.0,268435456,0,41943040,8388608,8388608,0.001953125,1407.671875,True,20250917,none
20260917T125802Z-opt-m1024-h4096-i16384-t8-bf16,2026-09-17T12:58:39.810942+00:00,mn01,77,1,imbps,opt,prepacked,bf16,8,1024,4096,16384,16,7,170574458,170.574458,6003.243463332593,1611.483396558704,0.056640625,6.736828,268435456,268435456,10485760,8388608,8388608,0.001953125,1407.671875,True,20250917,none
20260917T125802Z-opt-m1024-h4096-i16384-t8-bf16,2026-09-17T12:58:39.981465+00:00,mn01,78,0,imbps,opt,prepacked,bf16,8,1024,4096,16384,16,8,170401666,170.401666,6009.330918161328,1613.1174852715349,0.056640625,6.736828,268435456,268435456,10485760,8388608,8388608,0.001953125,1407.671875,True,20250917,none
20260917T125802Z-opt-m1024-h4096-i16384-t8-bf16,2026-09-17T12:58:40.144843+00:00,mn01,78,1,reference,opt,canonical,bf16,8,1024,4096,16384,16,8,163254560,163.25456,6272.412850213801,1683.7380036674015,0.056640625,0.0,268435456,0,41943040,8388608,8388608,0.001953125,1407.671875,True,20250917,none
20260917T125802Z-opt-m1024-h4096-i16384-t8-bf16,2026-09-17T12:58:40.315303+00:00,mn01,79,0,imbps,opt,prepacked,bf16,8,1024,4096,16384,16,9,170339303,170.339303,6011.530997047698,1613.7080644506336,0.056640625,6.736828,268435456,268435456,10485760,8388608,8388608,0.001953125,1407.671875,True,20250917,none
20260917T125802Z-opt-m1024-h4096-i16384-t8-bf16,2026-09-17T12:58:40.478664+00:00,mn01,79,1,reference,opt,canonical,bf16,8,1024,4096,16384,16,9,163232827,163.232827,6273.247966231695,1683.9621784164774,0.056640625,0.0,268435456,0,41943040,8388608,8388608,0.001953125,1407.671875,True,20250917,none
20260917T125802Z-opt-m1024-h4096-i16384-t8-bf16,2026-09-17T12:58:42.049209+00:00,mn01,80,0,imbps,opt,prepacked,bf16,8,1024,4096,16384,32,0,173376446,173.376446,5906.223270951119,1585.4397369755752,0.056640625,6.71214,268435456,268435456,9437184,8388608,8388608,0.0029296875,1888.2421875,True,20250917,none
20260917T125802Z-opt-m1024-h4096-i16384-t8-bf16,2026-09-17T12:58:42.212525+00:00,mn01,80,1,reference,opt,canonical,bf16,8,1024,4096,16384,32,0,163181520,163.18152,6275.22038034699,1684.4916442989377,0.056640625,0.0,268435456,0,41943040,8388608,8388608,0.0029296875,1888.2421875,True,20250917,none
20260917T125802Z-opt-m1024-h4096-i16384-t8-bf16,2026-09-17T12:58:42.386533+00:00,mn01,81,0,imbps,opt,prepacked,bf16,8,1024,4096,16384,32,1,173896382,173.896382,5888.564145055071,1580.699401463108,0.056640625,6.71214,268435456,268435456,9437184,8388608,8388608,0.0029296875,1888.2421875,True,20250917,none
20260917T125802Z-opt-m1024-h4096-i16384-t8-bf16,2026-09-17T12:58:42.549733+00:00,mn01,81,1,reference,opt,canonical,bf16,8,1024,4096,16384,32,1,163075330,163.07533,6279.306624735943,1685.5885371748136,0.056640625,0.0,268435456,0,41943040,8388608,8388608,0.0029296875,1888.2421875,True,20250917,none
20260917T125802Z-opt-m1024-h4096-i16384-t8-bf16,2026-09-17T12:58:42.723646+00:00,mn01,82,0,imbps,opt,prepacked,bf16,8,1024,4096,16384,32,2,173800556,173.800556,5891.8108409273445,1581.570929750075,0.056640625,6.71214,268435456,268435456,9437184,8388608,8388608,0.0029296875,1888.2421875,True,20250917,none
20260917T125802Z-opt-m1024-h4096-i16384-t8-bf16,2026-09-17T12:58:42.886813+00:00,mn01,82,1,reference,opt,canonical,bf16,8,1024,4096,16384,32,2,163041238,163.041238,6280.619630721892,1685.9409945353825,0.056640625,0.0,268435456,0,41943040,8388608,8388608,0.0029296875,1888.2421875,True,20250917,none
20260917T125802Z-opt-m1024-h4096-i16384-t8-bf16,2026-09-17T12:58:43.049892+00:00,mn01,83,0,reference,opt,canonical,bf16,8,1024,4096,16384,32,3,162943991,162.943991,6284.367982615572,1686.9471850852112,0.056640625,0.0,268435456,0,41943040,8388608,8388608,0.0029296875,1888.2421875,True,20250917,none
20260917T125802Z-opt-m1024-h4096-i16384-t8-bf16,2026-09-17T12:58:43.223652+00:00,mn01,83,1,imbps,opt,prepacked,bf16,8,1024,4096,16384,32,3,173660276,173.660276,5896.570151713913,1582.8484975113133,0.056640625,6.71214,268435456,268435456,9437184,8388608,8388608,0.0029296875,1888.2421875,True,20250917,none
20260917T125802Z-opt-m1024-h4096-i16384-t8-bf16,2026-09-17T12:58:43.386820+00:00,mn01,84,0,reference,opt,canonical,bf16,8,1024,4096,16384,32,4,163029390,163.02939,6281.0760685542655,1686.0635186330514,0.056640625,0.0,268435456,0,41943040,8388608,8388608,0.0029296875,1888.2421875,True,20250917,none
20260917T125802Z-opt-m1024-h4096-i16384-t8-bf16,2026-09-17T12:58:43.560659+00:00,mn01,84,1,imbps,opt,prepacked,bf16,8,1024,4096,16384,32,4,173737001,173.737001,5893.9661333281565,1582.1494866485004,0.056640625,6.71214,268435456,268435456,9437184,8388608,8388608,0.0029296875,1888.2421875,True,20250917,none
20260917T125802Z-opt-m1024-h4096-i16384-t8-bf16,2026-09-17T12:58:43.734011+00:00,mn01,85,0,imbps,opt,prepacked,bf16,8,1024,4096,16384,32,5,173243556,173.243556,5910.753759868564,1586.6558808340324,0.056640625,6.71214,268435456,268435456,9437184,8388608,8388608,0.0029296875,1888.2421875,True,20250917,none
20260917T125802Z-opt-m1024-h4096-i16384-t8-bf16,2026-09-17T12:58:43.897214+00:00,mn01,85,1,reference,opt,canonical,bf16,8,1024,4096,16384,32,5,163075630,163.07563,6279.295073089707,1685.5854363033889,0.056640625,0.0,268435456,0,41943040,8388608,8388608,0.0029296875,1888.2421875,True,20250917,none
20260917T125802Z-opt-m1024-h4096-i16384-t8-bf16,2026-09-17T12:58:44.071033+00:00,mn01,86,0,imbps,opt,prepacked,bf16,8,1024,4096,16384,32,6,173704552,173.704552,5895.067159782893,1582.445041186946,0.056640625,6.71214,268435456,268435456,9437184,8388608,8388608,0.0029296875,1888.2421875,True,20250917,none
20260917T125802Z-opt-m1024-h4096-i16384-t8-bf16,2026-09-17T12:58:44.234252+00:00,mn01,86,1,reference,opt,canonical,bf16,8,1024,4096,16384,32,6,163091825,163.091825,6278.671539790545,1685.4180578578969,0.056640625,0.0,268435456,0,41943040,8388608,8388608,0.0029296875,1888.2421875,True,20250917,none
20260917T125802Z-opt-m1024-h4096-i16384-t8-bf16,2026-09-17T12:58:44.397295+00:00,mn01,87,0,reference,opt,canonical,bf16,8,1024,4096,16384,32,7,162896219,162.896219,6286.210977063869,1687.4419101403453,0.056640625,0.0,268435456,0,41943040,8388608,8388608,0.0029296875,1888.2421875,True,20250917,none
20260917T125802Z-opt-m1024-h4096-i16384-t8-bf16,2026-09-17T12:58:44.571074+00:00,mn01,87,1,imbps,opt,prepacked,bf16,8,1024,4096,16384,32,7,173678642,173.678642,5895.946606952397,1582.6811159889194,0.056640625,6.71214,268435456,268435456,9437184,8388608,8388608,0.0029296875,1888.2421875,True,20250917,none
20260917T125802Z-opt-m1024-h4096-i16384-t8-bf16,2026-09-17T12:58:44.734206+00:00,mn01,88,0,reference,opt,canonical,bf16,8,1024,4096,16384,32,8,163000477,163.000477,6282.190204878971,1686.36259232542,0.056640625,0.0,268435456,0,41943040,8388608,8388608,0.0029296875,1888.2421875,True,20250917,none
20260917T125802Z-opt-m1024-h4096-i16384-t8-bf16,2026-09-17T12:58:44.907852+00:00,mn01,88,1,imbps,opt,prepacked,bf16,8,1024,4096,16384,32,8,173544301,173.544301,5900.51067133573,1583.9062726928728,0.056640625,6.71214,268435456,268435456,9437184,8388608,8388608,0.0029296875,1888.2421875,True,20250917,none
20260917T125802Z-opt-m1024-h4096-i16384-t8-bf16,2026-09-17T12:58:45.071046+00:00,mn01,89,0,reference,opt,canonical,bf16,8,1024,4096,16384,32,9,163058655,163.058655,6279.948770581973,1685.760911887811,0.056640625,0.0,268435456,0,41943040,8388608,8388608,0.0029296875,1888.2421875,True,20250917,none
20260917T125802Z-opt-m1024-h4096-i16384-t8-bf16,2026-09-17T12:58:45.244885+00:00,mn01,89,1,imbps,opt,prepacked,bf16,8,1024,4096,16384,32,9,173738634,173.738634,5893.9107349030955,1582.1346157470077,0.056640625,6.71214,268435456,268435456,9437184,8388608,8388608,0.0029296875,1888.2421875,True,20250917,none
20260917T125802Z-opt-m1024-h4096-i16384-t8-bf16,2026-09-17T12:58:46.827488+00:00,mn01,90,0,imbps,opt,prepacked,bf16,8,1024,4096,16384,64,0,174777341,174.777341,5858.883045943581,1572.7319420885342,0.056884765625,6.915998,268435456,268435456,8912896,8388608,8388608,0.00390625,3088.2421875,True,20250917,none
20260917T125802Z-opt-m1024-h4096-i16384-t8-bf16,2026-09-17T12:58:46.990790+00:00,mn01,90,1,reference,opt,canonical,bf16,8,1024,4096,16384,64,0,163173980,163.17398,6275.510347912088,1684.5694818744998,0.056640625,0.0,268435456,0,41943040,8388608,8388608,0.00390625,3088.2421875,True,20250917,none
20260917T125802Z-opt-m1024-h4096-i16384-t8-bf16,2026-09-17T12:58:47.153944+00:00,mn01,91,0,reference,opt,canonical,bf16,8,1024,4096,16384,64,1,163014999,163.014999,6281.630563332396,1686.2123646916687,0.056640625,0.0,268435456,0,41943040,8388608,8388608,0.00390625,3088.2421875,True,20250917,none
20260917T125802Z-opt-m1024-h4096-i16384-t8-bf16,2026-09-17T12:58:47.329383+00:00,mn01,91,1,imbps,opt,prepacked,bf16,8,1024,4096,16384,64,1,175339230,175.33923,5840.107772801329,1567.691993081069,0.056884765625,6.915998,268435456,268435456,8912896,8388608,8388608,0.00390625,3088.2421875,True,20250917,none
20260917T125802Z-opt-m1024-h4096-i16384-t8-bf16,2026-09-17T12:58:47.492632+00:00,mn01,92,0,reference,opt,canonical,bf16,8,1024,4096,16384,64,2,163108801,163.108801,6278.018069668724,1685.2426433077637,0.056640625,0.0,268435456,0,41943040,8388608,8388608,0.00390625,3088.2421875,True,20250917,none
20260917T125802Z-opt-m1024-h4096-i16384-t8-bf16,2026-09-17T12:58:47.667997+00:00,mn01,92,1,imbps,opt,prepacked,bf16,8,1024,4096,16384,64,2,175265218,175.265218,5842.573966957893,1568.3540070340712,0.056884765625,6.915998,268435456,268435456,8912896,8388608,8388608,0.00390625,3088.2421875,True,20250917,none
20260917T125802Z-opt-m1024-h4096-i16384-t8-bf16,2026-09-17T12:58:47.831256+00:00,mn01,93,0,reference,opt,canonical,bf16,8,1024,4096,16384,64,3,163122381,163.122381,6277.495422286657,1685.1023462194314,0.056640625,0.0,268435456,0,41943040,8388608,8388608,0.00390625,3088.2421875,True,20250917,none
20260917T125802Z-opt-m1024-h4096-i16384-t8-bf16,2026-09-17T12:58:48.006374+00:00,mn01,93,1,imbps,opt,prepacked,bf16,8,1024,4096,16384,64,3,175019266,175.019266,5850.784450210184,1570.5579918498802,0.056884765625,6.915998,268435456,268435456,8912896,8388608,8388608,0.00390625,3088.2421875,True,20250917,none
20260917T125802Z-opt-m1024-h4096-i16384-t8-bf16,2026-09-17T12:58:48.169647+00:00,mn01,94,0,reference,opt,canonical,bf16,8,1024,4096,16384,64,4,163138005,163.138005,6276.894216035068,1684.940961145136,0.056640625,0.0,268435456,0,41943040,8388608,8388608,0.00390625,3088.2421875,True,20250917,none
20260917T125802Z-opt-m1024-h4096-i16384-t8-bf16,2026-09-17T12:58:48.344976+00:00,mn01,94,1,imbps,opt,prepacked,bf16,8,1024,4096,16384,64,4,175229754,175.229754,5843.756420499227,1568.6714194896376,0.056884765625,6.915998,268435456,268435456,8912896,8388608,8388608,0.00390625,3088.2421875,True,20250917,none
20260917T125802Z-opt-m1024-h4096-i16384-t8-bf16,2026-09-17T12:58:48.508273+00:00,mn01,95,0,reference,opt,canonical,bf16,8,1024,4096,16384,64,5,163162372,163.162372,6275.956811905137,1684.6893286400616,0.056640625,0.0,268435456,0,41943040,8388608,8388608,0.00390625,3088.2421875,True,20250917,none
20260917T125802Z-opt-m1024-h4096-i16384-t8-bf16,2026-09-17T12:58:48.683622+00:00,mn01,95,1,imbps,opt,prepacked,bf16,8,1024,4096,16384,64,5,175250006,175.250006,5843.081112362415,1568.4901428419923,0.056884765625,6.915998,268435456,268435456,8912896,8388608,8388608,0.00390625,3088.2421875,True,20250917,none
20260917T125802Z-opt-m1024-h4096-i16384-t8-bf16,2026-09-17T12:58:48.858508+00:00,mn01,96,0,imbps,opt,prepacked,bf16,8,1024,4096,16384,64,6,174775409,174.775409,5858.94781113057,1572.7493273610362,0.056884765625,6.915998,268435456,268435456,8912896,8388608,8388608,0.00390625,3088.2421875,True,20250917,none
20260917T125802Z-opt-m1024-h4096-i16384-t8-bf16,2026-09-17T12:58:49.021815+00:00,mn01,96,1,reference,opt,canonical,bf16,8,1024,4096,16384,64,6,163182292,163.182292,6275.190692872484,1684.4836751281812,0.056640625,0.0,268435456,0,41943040,8388608,8388608,0.00390625,3088.2421875,True,20250917,none
20260917T125802Z-opt-m1024-h4096-i16384-t8-bf16,2026-09-17T12:58:49.184992+00:00,mn01,97,0,reference,opt,canonical,bf16,8,1024,4096,16384,64,7,163034038,163.034038,6280.896998944479,1686.0154500006925,0.056640625,0.0,268435456,0,41943040,8388608,8388608,0.00390625,3088.2421875,True,20250917,none
20260917T125802Z-opt-m1024-h4096-i16384-t8-bf16,2026-09-17T12:58:49.360320+00:00,mn01,97,1,imbps,opt,prepacked,bf16,8,1024,4096,16384,64,7,175227891,175.227891,5843.818550552549,1568.6880973988325,0.056884765625,6.915998,268435456,268435456,8912896,8388608,8388608,0.00390625,3088.2421875,True,20250917,none
20260917T125802Z-opt-m1024-h4096-i16384-t8-bf16,2026-09-17T12:58:49.523610+00:00,mn01,98,0,reference,opt,canonical,bf16,8,1024,4096,16384,64,8,163151886,163.151886,6276.360176430936,1684.797605980479,0.056640625,0.0,268435456,0,41943040,8388608,8388608,0.00390625,3088.2421875,True,20250917,none
20260917T125802Z-opt-m1024-h4096-i16384-t8-bf16,2026-09-17T12:58:49.699182+00:00,mn01,98,1,imbps,opt,prepacked,bf16,8,1024,4096,16384,64,8,175470518,175.470518,5835.738172266637,1566.5190373690011,0.056884765625,6.915998,268435456,268435456,8912896,8388608,8388608,0.00390625,3088.2421875,True,20250917,none
20260917T125802Z-opt-m1024-h4096-i16384-t8-bf16,2026-09-17T12:58:49.874034+00:00,mn01,99,0,imbps,opt,prepacked,bf16,8,1024,4096,16384,64,9,174742539,174.742539,5860.049910342667,1573.045169865593,0.056884765625,6.915998,268435456,268435456,8912896,8388608,8388608,0.00390625,3088.2421875,True,20250917,none
20260917T125802Z-opt-m1024-h4096-i16384-t8-bf16,2026-09-17T12:58:50.037322+00:00,mn01,99,1,reference,opt,canonical,bf16,8,1024,4096,16384,64,9,163165877,163.165877,6275.821996776937,1684.6531394796475,0.056640625,0.0,268435456,0,41943040,8388608,8388608,0.00390625,3088.2421875,True,20250917,none
