pass,round,order,model,batch,sequence,rows,backend,split,iterations,median_ms,measurement_wall_seconds,counter_active_seconds,algorithmic_flops_per_invocation,cache_level,cache_scope,cache_mib,equation12_working_set_mib,equation12_fits,equation13_strict_lower_bound,equation13_strict_integer_candidate,equation13_author_power_of_two_candidate,case_dir,ipc,retired_instructions_per_invocation,l2_access_pti,l2_miss_pti,l2_access_per_invocation,l2_miss_per_invocation,l2_hit_per_invocation,l2_miss_percent,l2_hit_percent
l2,1,1,opt30b,384,1,384,imbps,4,183,27.12291,5.0103811619919725,5.020126509014517,315680096256,l2,aggregate_private_l2_across_96_pinned_physical_cores,96.0,108.5,False,4.550964187327824,5,8,/data/scratch/deveshisingh/matmul-to-paged-attention/experiments/imbps-reproduction/results/uprof-decode-l2-crossover-10372/matrix/cases/r01-o01-opt30b-b384-imbps-k4,1.11,9061574156.650272,180.11,18.91,1632080121.3542807,171354367.30225667,1460725754.0520241,10.499139414802064,89.50086058519794
l2,1,2,opt30b,512,1,512,imbps,4,151,33.012798,5.018472357012797,5.03137127001537,420906795008,l2,aggregate_private_l2_across_96_pinned_physical_cores,96.0,112.0,False,4.719101123595506,5,8,/data/scratch/deveshisingh/matmul-to-paged-attention/experiments/imbps-reproduction/results/uprof-decode-l2-crossover-10372/matrix/cases/r01-o02-opt30b-b512-imbps-k4,1.2,11835606529.05298,177.87,17.22,2105199333.3226538,203809144.4302923,1901390188.8923614,9.681227863046043,90.31877213695395
l2,1,3,opt30b,512,1,512,imbps,8,124,39.918655,5.022984846029431,5.0310303079895675,420906795008,l2,aggregate_private_l2_across_96_pinned_physical_cores,96.0,59.5,True,4.719101123595506,5,8,/data/scratch/deveshisingh/matmul-to-paged-attention/experiments/imbps-reproduction/results/uprof-decode-l2-crossover-10372/matrix/cases/r01-o03-opt30b-b512-imbps-k8,1.0,12363806164.024193,180.4,19.19,2230430631.9899645,237261440.28762427,1993169191.7023404,10.637472283813747,89.36252771618625
l2,1,4,opt30b,256,1,256,tpp,1,316,15.689887500000001,5.006680304009933,5.020456873986404,210453397504,l2,aggregate_private_l2_across_96_pinned_physical_cores,96.0,409.5,False,4.389189189189189,5,8,/data/scratch/deveshisingh/matmul-to-paged-attention/experiments/imbps-reproduction/results/uprof-decode-l2-crossover-10372/matrix/cases/r01-o04-opt30b-b256-tpp-k1,1.25,5693308032.810126,214.83,42.94,1223093364.6885993,244470646.92886686,978622717.7597326,19.987897407252248,80.01210259274775
l2,1,5,opt30b,512,1,512,tpp,1,128,38.8562905,5.009947448968887,5.021569858014118,420906795008,l2,aggregate_private_l2_across_96_pinned_physical_cores,96.0,427.0,False,4.719101123595506,5,8,/data/scratch/deveshisingh/matmul-to-paged-attention/experiments/imbps-reproduction/results/uprof-decode-l2-crossover-10372/matrix/cases/r01-o05-opt30b-b512-tpp-k1,0.95,11491124121.179688,175.52,41.64,2016922105.749459,478490408.4059222,1538431697.3435369,23.723792160437554,76.27620783956246
l2,1,6,opt30b,384,1,384,imbps,8,144,34.6451435,5.009770522010513,5.01193619100377,315680096256,l2,aggregate_private_l2_across_96_pinned_physical_cores,96.0,56.875,True,4.550964187327824,5,8,/data/scratch/deveshisingh/matmul-to-paged-attention/experiments/imbps-reproduction/results/uprof-decode-l2-crossover-10372/matrix/cases/r01-o06-opt30b-b384-imbps-k8,0.89,9592786185.13889,174.14,20.84,1670487786.2800858,199913664.09829444,1470574122.1817915,11.967382565751695,88.03261743424831
l2,1,7,opt30b,256,1,256,imbps,4,224,22.331954,5.019042642961722,5.031504021026194,210453397504,l2,aggregate_private_l2_across_96_pinned_physical_cores,96.0,105.0,False,4.389189189189189,5,8,/data/scratch/deveshisingh/matmul-to-paged-attention/experiments/imbps-reproduction/results/uprof-decode-l2-crossover-10372/matrix/cases/r01-o07-opt30b-b256-imbps-k4,0.93,6375943758.049108,173.11,21.96,1103739623.9558809,140015724.9267584,963723899.0291226,12.685575645543297,87.3144243544567
l2,1,8,opt30b,512,1,512,imbps,2,161,30.6442,5.014393186022062,5.030833738972433,420906795008,l2,aggregate_private_l2_across_96_pinned_physical_cores,96.0,217.0,False,4.719101123595506,5,8,/data/scratch/deveshisingh/matmul-to-paged-attention/experiments/imbps-reproduction/results/uprof-decode-l2-crossover-10372/matrix/cases/r01-o08-opt30b-b512-imbps-k2,1.26,11590464923.776398,168.71,16.8,1955427337.2903159,194719810.7194435,1760707526.5708725,9.957915950447514,90.0420840495525
l2,1,9,opt30b,384,1,384,tpp,1,199,25.235931,5.012360813969281,5.021639213024173,315680096256,l2,aggregate_private_l2_across_96_pinned_physical_cores,96.0,418.25,False,4.550964187327824,5,8,/data/scratch/deveshisingh/matmul-to-paged-attention/experiments/imbps-reproduction/results/uprof-decode-l2-crossover-10372/matrix/cases/r01-o09-opt30b-b384-tpp-k1,1.13,8553806556.110553,182.55,40.97,1561497386.8179815,350449454.60384935,1211047932.214132,22.44316625582032,77.55683374417968
l2,1,10,opt30b,256,1,256,imbps,2,259,18.881619,5.002729587024078,5.0103253890411,210453397504,l2,aggregate_private_l2_across_96_pinned_physical_cores,96.0,206.5,False,4.389189189189189,5,8,/data/scratch/deveshisingh/matmul-to-paged-attention/experiments/imbps-reproduction/results/uprof-decode-l2-crossover-10372/matrix/cases/r01-o10-opt30b-b256-imbps-k2,1.05,6149711708.127413,177.05,19.36,1088806457.9239585,119058418.66934672,969748039.2546117,10.934764190906524,89.06523580909347
l2,1,11,opt30b,384,1,384,imbps,2,199,24.48278,5.01162149803713,5.021244328992907,315680096256,l2,aggregate_private_l2_across_96_pinned_physical_cores,96.0,211.75,False,4.550964187327824,5,8,/data/scratch/deveshisingh/matmul-to-paged-attention/experiments/imbps-reproduction/results/uprof-decode-l2-crossover-10372/matrix/cases/r01-o11-opt30b-b384-imbps-k2,1.19,8874482203.34171,174.47,17.04,1548330910.0170279,151221176.7449427,1397109733.2720852,9.766722072562617,90.23327792743738
l2,1,12,opt30b,256,1,256,imbps,8,169,29.557924,5.0241287460085005,5.031794080976397,210453397504,l2,aggregate_private_l2_across_96_pinned_physical_cores,96.0,54.25,True,4.389189189189189,5,8,/data/scratch/deveshisingh/matmul-to-paged-attention/experiments/imbps-reproduction/results/uprof-decode-l2-crossover-10372/matrix/cases/r01-o12-opt30b-b256-imbps-k8,0.72,6847869829.266273,180.13,24.77,1233506792.3457334,169621735.67092556,1063885056.6748079,13.751179703547438,86.24882029645256
l2,2,1,opt30b,512,1,512,imbps,8,125,39.829575,5.040904093999416,5.051264160021674,420906795008,l2,aggregate_private_l2_across_96_pinned_physical_cores,96.0,59.5,True,4.719101123595506,5,8,/data/scratch/deveshisingh/matmul-to-paged-attention/experiments/imbps-reproduction/results/uprof-decode-l2-crossover-10372/matrix/cases/r02-o01-opt30b-b512-imbps-k8,1.0,12349404424.304,184.75,19.28,2281552467.390164,238096517.30058113,2043455950.089583,10.43572395128552,89.56427604871449
l2,2,2,opt30b,384,1,384,imbps,2,199,24.572865,5.001907871977892,5.010178685944993,315680096256,l2,aggregate_private_l2_across_96_pinned_physical_cores,96.0,211.75,False,4.550964187327824,5,8,/data/scratch/deveshisingh/matmul-to-paged-attention/experiments/imbps-reproduction/results/uprof-decode-l2-crossover-10372/matrix/cases/r02-o02-opt30b-b384-imbps-k2,1.19,8882754162.271357,182.03,17.45,1616927740.1582549,155004060.1316352,1461923680.02662,9.586331923309345,90.41366807669066
l2,2,3,opt30b,512,1,512,tpp,1,129,38.688027,5.02947246003896,5.0415933830081485,420906795008,l2,aggregate_private_l2_across_96_pinned_physical_cores,96.0,427.0,False,4.719101123595506,5,8,/data/scratch/deveshisingh/matmul-to-paged-attention/experiments/imbps-reproduction/results/uprof-decode-l2-crossover-10372/matrix/cases/r02-o03-opt30b-b512-tpp-k1,0.96,11428722568.612404,175.07,41.51,2000826460.0869734,474406273.82310086,1526420186.2638724,23.710515793682525,76.28948420631745
l2,2,4,opt30b,384,1,384,imbps,4,183,27.364011,5.0182339190505445,5.030872293980792,315680096256,l2,aggregate_private_l2_across_96_pinned_physical_cores,96.0,108.5,False,4.550964187327824,5,8,/data/scratch/deveshisingh/matmul-to-paged-attention/experiments/imbps-reproduction/results/uprof-decode-l2-crossover-10372/matrix/cases/r02-o04-opt30b-b384-imbps-k4,1.11,9085207873.01093,190.85,19.12,1733911922.5641356,173709174.53196895,1560202748.0321665,10.018339009693477,89.98166099030652
l2,2,5,opt30b,256,1,256,imbps,2,260,18.8448825,5.014261699980125,5.02110645303037,210453397504,l2,aggregate_private_l2_across_96_pinned_physical_cores,96.0,206.5,False,4.389189189189189,5,8,/data/scratch/deveshisingh/matmul-to-paged-attention/experiments/imbps-reproduction/results/uprof-decode-l2-crossover-10372/matrix/cases/r02-o05-opt30b-b256-imbps-k2,1.05,6141164891.819231,169.07,19.27,1038286748.2598772,118340247.46535657,919946500.7945207,11.397645945466376,88.60235405453363
l2,2,6,opt30b,512,1,512,imbps,4,151,32.998562,5.02011684095487,5.031280113034882,420906795008,l2,aggregate_private_l2_across_96_pinned_physical_cores,96.0,112.0,False,4.719101123595506,5,8,/data/scratch/deveshisingh/matmul-to-paged-attention/experiments/imbps-reproduction/results/uprof-decode-l2-crossover-10372/matrix/cases/r02-o06-opt30b-b512-imbps-k4,1.21,11832577723.403973,181.89,17.3,2152227562.1099486,204703594.61488876,1947523967.4950597,9.5112430589917,90.4887569410083
l2,2,7,opt30b,512,1,512,imbps,2,161,30.614642,5.019642902014311,5.032349408953451,420906795008,l2,aggregate_private_l2_across_96_pinned_physical_cores,96.0,217.0,False,4.719101123595506,5,8,/data/scratch/deveshisingh/matmul-to-paged-attention/experiments/imbps-reproduction/results/uprof-decode-l2-crossover-10372/matrix/cases/r02-o07-opt30b-b512-imbps-k2,1.26,11602212947.186335,172.15,17.2,1997320958.8581278,199558062.69160497,1797762896.166523,9.991286668602962,90.00871333139705
l2,2,8,opt30b,256,1,256,imbps,4,224,22.220022,5.007873099995777,5.023103509971406,210453397504,l2,aggregate_private_l2_across_96_pinned_physical_cores,96.0,105.0,False,4.389189189189189,5,8,/data/scratch/deveshisingh/matmul-to-paged-attention/experiments/imbps-reproduction/results/uprof-decode-l2-crossover-10372/matrix/cases/r02-o08-opt30b-b256-imbps-k4,0.93,6374062838.633928,171.32,21.7,1092004445.5147645,138317163.59835625,953687281.9164084,12.666355358393648,87.33364464160634
l2,2,9,opt30b,256,1,256,imbps,8,169,29.474005,5.019662509963382,5.0313457190059125,210453397504,l2,aggregate_private_l2_across_96_pinned_physical_cores,96.0,54.25,True,4.389189189189189,5,8,/data/scratch/deveshisingh/matmul-to-paged-attention/experiments/imbps-reproduction/results/uprof-decode-l2-crossover-10372/matrix/cases/r02-o09-opt30b-b256-imbps-k8,0.71,6845943645.905326,172.26,24.44,1179282252.4436512,167314862.70592615,1011967389.737725,14.187855567165915,85.81214443283409
l2,2,10,opt30b,384,1,384,imbps,8,144,34.731694000000005,5.005039491981734,5.010345154965762,315680096256,l2,aggregate_private_l2_across_96_pinned_physical_cores,96.0,56.875,True,4.550964187327824,5,8,/data/scratch/deveshisingh/matmul-to-paged-attention/experiments/imbps-reproduction/results/uprof-decode-l2-crossover-10372/matrix/cases/r02-o10-opt30b-b384-imbps-k8,0.89,9616039357.604166,180.74,20.96,1738002953.4933772,201552184.93538335,1536450768.557994,11.596768839216553,88.40323116078345
l2,2,11,opt30b,256,1,256,tpp,1,315,15.715083,5.003598993003834,5.0109038420487195,210453397504,l2,aggregate_private_l2_across_96_pinned_physical_cores,96.0,409.5,False,4.389189189189189,5,8,/data/scratch/deveshisingh/matmul-to-paged-attention/experiments/imbps-reproduction/results/uprof-decode-l2-crossover-10372/matrix/cases/r02-o11-opt30b-b256-tpp-k1,1.26,5706670810.879365,213.4,43.02,1217803551.0416565,245500978.2840303,972302572.7576263,20.1593252108716,79.8406747891284
l2,2,12,opt30b,384,1,384,tpp,1,197,25.331953,5.008279643021524,5.011181365989614,315680096256,l2,aggregate_private_l2_across_96_pinned_physical_cores,96.0,418.25,False,4.550964187327824,5,8,/data/scratch/deveshisingh/matmul-to-paged-attention/experiments/imbps-reproduction/results/uprof-decode-l2-crossover-10372/matrix/cases/r02-o12-opt30b-b384-tpp-k1,1.1,8486184204.360406,175.52,39.02,1489495051.5493383,331130907.6541431,1158364143.8951952,22.231084776663632,77.76891522333636
l2,3,1,opt30b,512,1,512,imbps,2,161,30.738247,5.020189217000734,5.0315147350193,420906795008,l2,aggregate_private_l2_across_96_pinned_physical_cores,96.0,217.0,False,4.719101123595506,5,8,/data/scratch/deveshisingh/matmul-to-paged-attention/experiments/imbps-reproduction/results/uprof-decode-l2-crossover-10372/matrix/cases/r03-o01-opt30b-b512-imbps-k2,1.27,11609983563.360249,179.28,17.92,2081437853.2392256,208050905.45541567,1873386947.7838101,9.99553770638108,90.00446229361893
l2,3,2,opt30b,512,1,512,tpp,1,129,38.722375,5.028231608972419,5.041382437979337,420906795008,l2,aggregate_private_l2_across_96_pinned_physical_cores,96.0,427.0,False,4.719101123595506,5,8,/data/scratch/deveshisingh/matmul-to-paged-attention/experiments/imbps-reproduction/results/uprof-decode-l2-crossover-10372/matrix/cases/r03-o02-opt30b-b512-tpp-k1,0.96,11517671871.767443,174.74,41.57,2012597982.8726428,478789619.7093726,1533808363.1632702,23.789630307886004,76.210369692114
l2,3,3,opt30b,384,1,384,imbps,4,183,27.136194,5.007342508994043,5.009816033008974,315680096256,l2,aggregate_private_l2_across_96_pinned_physical_cores,96.0,108.5,False,4.550964187327824,5,8,/data/scratch/deveshisingh/matmul-to-paged-attention/experiments/imbps-reproduction/results/uprof-decode-l2-crossover-10372/matrix/cases/r03-o03-opt30b-b384-imbps-k4,1.11,9073286951.191257,176.89,18.85,1604973728.7962213,171031459.02995518,1433942269.766266,10.656340098366218,89.34365990163377
l2,3,4,opt30b,512,1,512,imbps,8,124,39.8774885,5.0074091969872825,5.011612990987487,420906795008,l2,aggregate_private_l2_across_96_pinned_physical_cores,96.0,59.5,True,4.719101123595506,5,8,/data/scratch/deveshisingh/matmul-to-paged-attention/experiments/imbps-reproduction/results/uprof-decode-l2-crossover-10372/matrix/cases/r03-o04-opt30b-b512-imbps-k8,1.01,12339316424.532259,187.96,19.43,2319297915.155083,239752918.12866178,2079544997.026421,10.337305809746756,89.66269419025323
l2,3,5,opt30b,384,1,384,tpp,1,214,23.1298135,5.015976425027475,5.03098558797501,315680096256,l2,aggregate_private_l2_across_96_pinned_physical_cores,96.0,418.25,False,4.550964187327824,5,8,/data/scratch/deveshisingh/matmul-to-paged-attention/experiments/imbps-reproduction/results/uprof-decode-l2-crossover-10372/matrix/cases/r03-o05-opt30b-b384-tpp-k1,1.29,8553493285.2336445,207.15,42.73,1771856134.0361497,365490768.07803357,1406365365.9581163,20.627564566739075,79.37243543326093
l2,3,6,opt30b,256,1,256,imbps,2,260,18.867955000000002,5.009022465033922,5.022206985973753,210453397504,l2,aggregate_private_l2_across_96_pinned_physical_cores,96.0,206.5,False,4.389189189189189,5,8,/data/scratch/deveshisingh/matmul-to-paged-attention/experiments/imbps-reproduction/results/uprof-decode-l2-crossover-10372/matrix/cases/r03-o06-opt30b-b256-imbps-k2,1.06,6134184106.2846155,177.46,19.43,1088572311.501268,119187197.18511008,969385114.3161578,10.948946241406514,89.05105375859348
l2,3,7,opt30b,256,1,256,tpp,1,316,15.6923225,5.010679813975003,5.0219659699941985,210453397504,l2,aggregate_private_l2_across_96_pinned_physical_cores,96.0,409.5,False,4.389189189189189,5,8,/data/scratch/deveshisingh/matmul-to-paged-attention/experiments/imbps-reproduction/results/uprof-decode-l2-crossover-10372/matrix/cases/r03-o07-opt30b-b256-tpp-k1,1.25,5692749781.0284815,214.24,42.83,1219614713.0875418,243820473.12144983,975794239.9660919,19.991598207617624,80.00840179238237
l2,3,8,opt30b,384,1,384,imbps,2,201,24.414983,5.005292958987411,5.020959858957212,315680096256,l2,aggregate_private_l2_across_96_pinned_physical_cores,96.0,211.75,False,4.550964187327824,5,8,/data/scratch/deveshisingh/matmul-to-paged-attention/experiments/imbps-reproduction/results/uprof-decode-l2-crossover-10372/matrix/cases/r03-o08-opt30b-b384-imbps-k2,1.21,8857815865.034826,182.23,17.33,1614159785.0852964,153505948.9410535,1460653836.144243,9.509959940734236,90.49004005926577
l2,3,9,opt30b,256,1,256,imbps,4,223,22.312851,5.006171368993819,5.020801397971809,210453397504,l2,aggregate_private_l2_across_96_pinned_physical_cores,96.0,105.0,False,4.389189189189189,5,8,/data/scratch/deveshisingh/matmul-to-paged-attention/experiments/imbps-reproduction/results/uprof-decode-l2-crossover-10372/matrix/cases/r03-o09-opt30b-b256-imbps-k4,0.92,6361633846.156951,182.57,21.93,1161443491.2928746,139510630.24622193,1021932861.0466524,12.011831078490442,87.98816892150955
l2,3,10,opt30b,384,1,384,imbps,8,145,34.672082,5.031833042041399,5.042363643995486,315680096256,l2,aggregate_private_l2_across_96_pinned_physical_cores,96.0,56.875,True,4.550964187327824,5,8,/data/scratch/deveshisingh/matmul-to-paged-attention/experiments/imbps-reproduction/results/uprof-decode-l2-crossover-10372/matrix/cases/r03-o10-opt30b-b384-imbps-k8,0.89,9592260561.165518,192.18,21.31,1843440634.6447892,204411072.55843714,1639029562.086352,11.088562805702983,88.91143719429701
l2,3,11,opt30b,256,1,256,imbps,8,169,29.471899,5.015275927027687,5.020777155994438,210453397504,l2,aggregate_private_l2_across_96_pinned_physical_cores,96.0,54.25,True,4.389189189189189,5,8,/data/scratch/deveshisingh/matmul-to-paged-attention/experiments/imbps-reproduction/results/uprof-decode-l2-crossover-10372/matrix/cases/r03-o11-opt30b-b256-imbps-k8,0.72,6844676698.0,179.05,24.59,1225539362.7769,168310600.00381997,1057228762.7730801,13.733593968165314,86.26640603183469
l2,3,12,opt30b,512,1,512,imbps,4,151,33.019099,5.025349282019306,5.042104527994525,420906795008,l2,aggregate_private_l2_across_96_pinned_physical_cores,96.0,112.0,False,4.719101123595506,5,8,/data/scratch/deveshisingh/matmul-to-paged-attention/experiments/imbps-reproduction/results/uprof-decode-l2-crossover-10372/matrix/cases/r03-o12-opt30b-b512-imbps-k4,1.2,11830887126.76159,178.18,17.21,2108027468.2463799,203609567.451567,1904417900.7948127,9.658772028286005,90.34122797171399
l2,4,1,opt30b,256,1,256,imbps,2,260,18.8731975,5.0112218269496225,5.022184965026099,210453397504,l2,aggregate_private_l2_across_96_pinned_physical_cores,96.0,206.5,False,4.389189189189189,5,8,/data/scratch/deveshisingh/matmul-to-paged-attention/experiments/imbps-reproduction/results/uprof-decode-l2-crossover-10372/matrix/cases/r04-o01-opt30b-b256-imbps-k2,1.05,6121887845.811539,168.97,19.36,1034415389.3067756,118519748.69491139,915895640.6118642,11.457655205065988,88.54234479493401
l2,4,2,opt30b,512,1,512,imbps,2,161,30.711605,5.014851708023343,5.030712880019564,420906795008,l2,aggregate_private_l2_across_96_pinned_physical_cores,96.0,217.0,False,4.719101123595506,5,8,/data/scratch/deveshisingh/matmul-to-paged-attention/experiments/imbps-reproduction/results/uprof-decode-l2-crossover-10372/matrix/cases/r04-o02-opt30b-b512-imbps-k2,1.27,11606911223.89441,179.75,17.61,2086342292.4950202,204397706.65278053,1881944585.8422396,9.79694019471488,90.20305980528512
l2,4,3,opt30b,384,1,384,imbps,4,183,27.376476,5.0220227390527725,5.0310142819653265,315680096256,l2,aggregate_private_l2_across_96_pinned_physical_cores,96.0,108.5,False,4.550964187327824,5,8,/data/scratch/deveshisingh/matmul-to-paged-attention/experiments/imbps-reproduction/results/uprof-decode-l2-crossover-10372/matrix/cases/r04-o03-opt30b-b384-imbps-k4,1.11,9066215306.74317,186.24,19.02,1688491938.7278478,172439415.13425508,1516052523.593593,10.212628865979381,89.78737113402062
l2,4,4,opt30b,512,1,512,tpp,1,129,38.620027,5.010368632036261,5.0210881200036965,420906795008,l2,aggregate_private_l2_across_96_pinned_physical_cores,96.0,427.0,False,4.719101123595506,5,8,/data/scratch/deveshisingh/matmul-to-paged-attention/experiments/imbps-reproduction/results/uprof-decode-l2-crossover-10372/matrix/cases/r04-o04-opt30b-b512-tpp-k1,0.96,11439936779.713179,175.9,41.71,2012284879.5515482,477159763.0818367,1535125116.4697113,23.712336554860716,76.28766344513927
l2,4,5,opt30b,384,1,384,imbps,8,141,35.203615,5.018086483003572,5.023747421975713,315680096256,l2,aggregate_private_l2_across_96_pinned_physical_cores,96.0,56.875,True,4.550964187327824,5,8,/data/scratch/deveshisingh/matmul-to-paged-attention/experiments/imbps-reproduction/results/uprof-decode-l2-crossover-10372/matrix/cases/r04-o05-opt30b-b384-imbps-k8,0.86,9594239191.609928,178.13,20.85,1709021827.2014768,200039887.14506704,1508981940.0564098,11.704934598327064,88.29506540167294
l2,4,6,opt30b,256,1,256,imbps,4,223,22.323405,5.007786617032252,5.010979439946823,210453397504,l2,aggregate_private_l2_across_96_pinned_physical_cores,96.0,105.0,False,4.389189189189189,5,8,/data/scratch/deveshisingh/matmul-to-paged-attention/experiments/imbps-reproduction/results/uprof-decode-l2-crossover-10372/matrix/cases/r04-o06-opt30b-b256-imbps-k4,0.93,6403237489.0,183.47,21.94,1174801982.10683,140487030.50866002,1034314951.59817,11.958358314710853,88.04164168528915
l2,4,7,opt30b,512,1,512,imbps,4,149,33.162354,5.022579448996112,5.030096880043857,420906795008,l2,aggregate_private_l2_across_96_pinned_physical_cores,96.0,112.0,False,4.719101123595506,5,8,/data/scratch/deveshisingh/matmul-to-paged-attention/experiments/imbps-reproduction/results/uprof-decode-l2-crossover-10372/matrix/cases/r04-o07-opt30b-b512-imbps-k4,1.18,11854530520.664429,178.81,17.23,2119708602.4000068,204253560.87104812,1915455041.5289586,9.635926402326492,90.3640735976735
l2,4,8,opt30b,512,1,512,imbps,8,124,39.853653,5.019797165005002,5.03102402202785,420906795008,l2,aggregate_private_l2_across_96_pinned_physical_cores,96.0,59.5,True,4.719101123595506,5,8,/data/scratch/deveshisingh/matmul-to-paged-attention/experiments/imbps-reproduction/results/uprof-decode-l2-crossover-10372/matrix/cases/r04-o08-opt30b-b512-imbps-k8,1.0,12347803181.620968,184.46,19.33,2277675774.881804,238683035.5007333,2038992739.3810706,10.479236690881491,89.52076330911851
l2,4,9,opt30b,384,1,384,tpp,1,209,23.51577,5.0131351290037856,5.0216575199738145,315680096256,l2,aggregate_private_l2_across_96_pinned_physical_cores,96.0,418.25,False,4.550964187327824,5,8,/data/scratch/deveshisingh/matmul-to-paged-attention/experiments/imbps-reproduction/results/uprof-decode-l2-crossover-10372/matrix/cases/r04-o09-opt30b-b384-tpp-k1,1.23,8512053835.052631,195.31,40.37,1662489234.5241296,343631613.3210747,1318857621.203055,20.66970457221852,79.33029542778148
l2,4,10,opt30b,256,1,256,tpp,1,316,15.703984,5.007453997968696,5.020411294011865,210453397504,l2,aggregate_private_l2_across_96_pinned_physical_cores,96.0,409.5,False,4.389189189189189,5,8,/data/scratch/deveshisingh/matmul-to-paged-attention/experiments/imbps-reproduction/results/uprof-decode-l2-crossover-10372/matrix/cases/r04-o10-opt30b-b256-tpp-k1,1.26,5695137327.93038,214.24,42.92,1220126221.1358047,244435294.11477193,975690927.0210326,20.033607169529503,79.9663928304705
l2,4,11,opt30b,256,1,256,imbps,8,169,29.460689,5.004840000998229,5.009718346991576,210453397504,l2,aggregate_private_l2_across_96_pinned_physical_cores,96.0,54.25,True,4.389189189189189,5,8,/data/scratch/deveshisingh/matmul-to-paged-attention/experiments/imbps-reproduction/results/uprof-decode-l2-crossover-10372/matrix/cases/r04-o11-opt30b-b256-imbps-k8,0.72,6859939377.810651,170.05,24.45,1166532691.196701,167725517.78747043,998807173.4092308,14.378124081152603,85.6218759188474
l2,4,12,opt30b,384,1,384,imbps,2,199,24.490765,5.007709906960372,5.020616505004,315680096256,l2,aggregate_private_l2_across_96_pinned_physical_cores,96.0,211.75,False,4.550964187327824,5,8,/data/scratch/deveshisingh/matmul-to-paged-attention/experiments/imbps-reproduction/results/uprof-decode-l2-crossover-10372/matrix/cases/r04-o12-opt30b-b384-imbps-k2,1.19,8848726429.81407,176.96,17.37,1565870629.0198982,153702378.08587041,1412168250.9340277,9.815777576853526,90.18422242314648
l2,5,1,opt30b,256,1,256,imbps,2,261,18.780221,5.006149424996693,5.0208461550064385,210453397504,l2,aggregate_private_l2_across_96_pinned_physical_cores,96.0,206.5,False,4.389189189189189,5,8,/data/scratch/deveshisingh/matmul-to-paged-attention/experiments/imbps-reproduction/results/uprof-decode-l2-crossover-10372/matrix/cases/r05-o01-opt30b-b256-imbps-k2,1.06,6132975380.555555,169.51,19.23,1039600656.7579722,117937116.56808333,921663540.189889,11.34446345348357,88.65553654651643
l2,5,2,opt30b,512,1,512,imbps,2,162,30.564831,5.024286061991006,5.030588384019211,420906795008,l2,aggregate_private_l2_across_96_pinned_physical_cores,96.0,217.0,False,4.719101123595506,5,8,/data/scratch/deveshisingh/matmul-to-paged-attention/experiments/imbps-reproduction/results/uprof-decode-l2-crossover-10372/matrix/cases/r05-o02-opt30b-b512-imbps-k2,1.27,11605284852.895061,170.9,17.15,1983343181.359766,199030635.2271503,1784312546.1326158,10.035108250438853,89.96489174956115
l2,5,3,opt30b,512,1,512,tpp,1,129,38.745835,5.0248471350059845,5.031476080010179,420906795008,l2,aggregate_private_l2_across_96_pinned_physical_cores,96.0,427.0,False,4.719101123595506,5,8,/data/scratch/deveshisingh/matmul-to-paged-attention/experiments/imbps-reproduction/results/uprof-decode-l2-crossover-10372/matrix/cases/r05-o03-opt30b-b512-tpp-k1,0.96,11528531619.891474,175.2,41.62,2019798739.804986,479817486.01988304,1539981253.785103,23.755707762557076,76.24429223744292
l2,5,4,opt30b,256,1,256,imbps,8,169,29.540259,5.0195844800327905,5.022055520967115,210453397504,l2,aggregate_private_l2_across_96_pinned_physical_cores,96.0,54.25,True,4.389189189189189,5,8,/data/scratch/deveshisingh/matmul-to-paged-attention/experiments/imbps-reproduction/results/uprof-decode-l2-crossover-10372/matrix/cases/r05-o04-opt30b-b256-imbps-k8,0.72,6840231817.822485,176.94,24.61,1210310617.8455107,168338105.03661138,1041972512.8088993,13.908669605515993,86.091330394484
l2,5,5,opt30b,256,1,256,imbps,4,223,22.383846,5.008494284003973,5.020777318975888,210453397504,l2,aggregate_private_l2_across_96_pinned_physical_cores,96.0,105.0,False,4.389189189189189,5,8,/data/scratch/deveshisingh/matmul-to-paged-attention/experiments/imbps-reproduction/results/uprof-decode-l2-crossover-10372/matrix/cases/r05-o05-opt30b-b256-imbps-k4,0.92,6371082111.587444,172.07,21.72,1096272098.9408514,138379903.46367928,957892195.4771721,12.622769802987156,87.37723019701284
l2,5,6,opt30b,384,1,384,imbps,4,182,27.350089,5.005881902994588,5.020197805017233,315680096256,l2,aggregate_private_l2_across_96_pinned_physical_cores,96.0,108.5,False,4.550964187327824,5,8,/data/scratch/deveshisingh/matmul-to-paged-attention/experiments/imbps-reproduction/results/uprof-decode-l2-crossover-10372/matrix/cases/r05-o06-opt30b-b384-imbps-k4,1.11,9099000908.521978,192.57,19.16,1752194604.9540775,174336857.4072811,1577857747.546796,9.94962870644441,90.05037129355559
l2,5,7,opt30b,256,1,256,tpp,1,316,15.682195499999999,5.00701406103326,5.0202758780214936,210453397504,l2,aggregate_private_l2_across_96_pinned_physical_cores,96.0,409.5,False,4.389189189189189,5,8,/data/scratch/deveshisingh/matmul-to-paged-attention/experiments/imbps-reproduction/results/uprof-decode-l2-crossover-10372/matrix/cases/r05-o07-opt30b-b256-tpp-k1,1.25,5699570217.556962,214.85,42.95,1224552661.2421134,244796540.84407154,979756120.3980417,19.990691179892952,80.00930882010704
l2,5,8,opt30b,384,1,384,tpp,1,213,23.276628,5.016992250981275,5.020632922009099,315680096256,l2,aggregate_private_l2_across_96_pinned_physical_cores,96.0,418.25,False,4.550964187327824,5,8,/data/scratch/deveshisingh/matmul-to-paged-attention/experiments/imbps-reproduction/results/uprof-decode-l2-crossover-10372/matrix/cases/r05-o08-opt30b-b384-tpp-k1,1.28,8582853419.98122,204.6,41.88,1756051809.7281575,359449901.22881347,1396601908.4993439,20.469208211143698,79.53079178885629
l2,5,9,opt30b,512,1,512,imbps,4,150,33.1444555,5.018104029004462,5.031719529943075,420906795008,l2,aggregate_private_l2_across_96_pinned_physical_cores,96.0,112.0,False,4.719101123595506,5,8,/data/scratch/deveshisingh/matmul-to-paged-attention/experiments/imbps-reproduction/results/uprof-decode-l2-crossover-10372/matrix/cases/r05-o09-opt30b-b512-imbps-k4,1.2,11826328423.673334,188.69,17.42,2231509910.2629213,206014641.14038947,2025495269.1225317,9.23207377179501,90.767926228205
l2,5,10,opt30b,512,1,512,imbps,8,124,39.799504999999996,5.003453114011791,5.010202652018052,420906795008,l2,aggregate_private_l2_across_96_pinned_physical_cores,96.0,59.5,True,4.719101123595506,5,8,/data/scratch/deveshisingh/matmul-to-paged-attention/experiments/imbps-reproduction/results/uprof-decode-l2-crossover-10372/matrix/cases/r05-o10-opt30b-b512-imbps-k8,1.01,12359934023.830645,190.18,19.44,2350612252.6521125,240277117.42326775,2110335135.2288446,10.221895046797771,89.77810495320223
l2,5,11,opt30b,384,1,384,imbps,2,200,24.480885,5.015845982008614,5.031242347962689,315680096256,l2,aggregate_private_l2_across_96_pinned_physical_cores,96.0,211.75,False,4.550964187327824,5,8,/data/scratch/deveshisingh/matmul-to-paged-attention/experiments/imbps-reproduction/results/uprof-decode-l2-crossover-10372/matrix/cases/r05-o11-opt30b-b384-imbps-k2,1.2,8881900940.86,184.44,17.49,1638177809.5322182,155344447.4556414,1482833362.076577,9.482758620689655,90.51724137931033
l2,5,12,opt30b,384,1,384,imbps,8,144,34.7837665,5.008765237987973,5.021055823017377,315680096256,l2,aggregate_private_l2_across_96_pinned_physical_cores,96.0,56.875,True,4.550964187327824,5,8,/data/scratch/deveshisingh/matmul-to-paged-attention/experiments/imbps-reproduction/results/uprof-decode-l2-crossover-10372/matrix/cases/r05-o12-opt30b-b384-imbps-k8,0.89,9581704935.208334,193.4,21.39,1853101734.4692917,204952668.56410626,1648149065.9051855,11.059979317476731,88.94002068252327
