claim,model,batch,sequence,activation,backend,split,rounds,active_rows,milliseconds_per_active_row,active_rows_per_second,median_ms,q1_ms,q3_ms,baseline_median_ms,relative_time,speedup,paired_speedup_median,paired_speedup_ci95_low,paired_speedup_ci95_high,paired_speedup_ci95_excludes_one,paired_speedup_supports_faster,paired_relative_time_median,paired_relative_time_ci95_low,paired_relative_time_ci95_high,paper_speedup,paper_relative_time,paper_timing_target_in_ci95,paper_l3_miss_reduction_factor,paper_l3_misses_billions,cache_mib,cache_level,cache_scope,equation12_working_set_mib,equation12_fits,equation13_strict_lower_bound,equation13_strict_integer_candidate,equation13_author_power_of_two_candidate,normal_decode_batch_equivalent,speculative_batch_equivalent_gamma2,speculative_batch_equivalent_gamma4,speculative_batch_equivalent_gamma8,empirical_best_imbps_split,is_empirical_best_imbps,equation_candidate_is_empirical_best,paper_reported_best_split,paper_best_split_reproduced
decode_l2_pilot_opt30b,opt30b,1,1,relu,imbps,4,3,1,3.41899,292.4840376836434,3.41899,3.418169,3.42325875,1.711273,1.9979220147808092,0.5005200366190016,0.5005200366190016,0.49872685193627186,0.5027696915854047,True,False,1.9979220147808092,1.988982265113591,2.0051055926055925,,,,,,96,l2,aggregate_private_l2_across_96_pinned_physical_cores,98.02734375,False,4.0844846881676675,5,8,1,,,,4,True,False,,
decode_l2_pilot_opt30b,opt30b,1,1,relu,imbps,7,3,1,3.996626,250.21105302322508,3.996626,3.99078475,4.0669445,1.711273,2.335469559795544,0.4281794193402135,0.42943469587460903,0.4131717031283726,0.4298973684302709,True,False,2.328642770615793,2.3261365931394375,2.4203012753012754,,,,,,96,l2,aggregate_private_l2_across_96_pinned_physical_cores,56.021484375,True,4.0844846881676675,5,8,1,,,,4,False,False,,
decode_l2_pilot_opt30b,opt30b,1,1,relu,imbps,8,3,1,3.8843550000000002,257.44299890200557,3.8843550000000002,3.87295275,3.906672,1.711273,2.2698628447944893,0.44055525306003185,0.44055525306003185,0.43729799192616725,0.44267192672994954,True,False,2.2698628447944893,2.2590093015093013,2.2867701623675383,,,,,,96,l2,aggregate_private_l2_across_96_pinned_physical_cores,49.0205078125,True,4.0844846881676675,5,8,1,,,,4,False,False,,
decode_l2_pilot_opt30b,opt30b,1,1,relu,imbps,14,3,1,7.431078,134.56997759948152,7.431078,7.409962500000001,7.43665725,1.711273,4.3424269535018665,0.23028596927659756,0.23003391970855372,0.2299406905437633,0.2325314084863308,True,False,4.347184977184977,4.300494313905919,4.348947537885539,,,,,,96,l2,aggregate_private_l2_across_96_pinned_physical_cores,28.017578125,True,4.0844846881676675,5,8,1,,,,4,False,False,,
decode_l2_pilot_opt30b,opt30b,1,1,relu,imbps,16,3,1,8.450827,118.33161417219877,8.450827,8.43766725,8.589756000000001,1.711273,4.938327782884437,0.2024976963793011,0.20227606126595657,0.19605163893530353,0.20394533448987964,True,False,4.943738738738739,4.903274705946377,5.100696966527258,,,,,,96,l2,aggregate_private_l2_across_96_pinned_physical_cores,24.51708984375,True,4.0844846881676675,5,8,1,,,,4,False,False,,
decode_l2_pilot_opt30b,opt30b,1,1,relu,tpp,1,3,1,1.711273,584.360297860131,1.711273,1.7103365,1.714706,1.711273,1.0,1.0,1.0,1.0,1.0,False,False,1.0,1.0,1.0,,,,,,96,l2,aggregate_private_l2_across_96_pinned_physical_cores,392.068359375,False,4.0844846881676675,5,8,1,,,,4,False,False,,
decode_l2_pilot_opt30b,opt30b,32,1,relu,imbps,4,3,32,0.1854856875,5391.251548721246,5.935542,5.906278,5.9766604999999995,3.590911,1.6529348680599434,0.6049845153146924,0.6086643814499164,0.5959697090903471,0.6110094343828346,True,False,1.6429415462391148,1.6366359400163355,1.67793762794814,,,,,,96,l2,aggregate_private_l2_across_96_pinned_physical_cores,98.875,False,4.120340091563113,5,8,32,16,8,4,4,True,False,,
decode_l2_pilot_opt30b,opt30b,32,1,relu,imbps,7,3,32,0.28302475,3533.2599004150698,9.056792,9.013845499999999,9.0749855,3.590911,2.522143266708643,0.3964881825706056,0.3964881825706056,0.3944070605010635,0.40271917006311186,True,False,2.522143266708643,2.483119936513789,2.5354515680565597,,,,,,96,l2,aggregate_private_l2_across_96_pinned_physical_cores,56.6875,True,4.120340091563113,5,8,32,16,8,4,4,False,False,,
decode_l2_pilot_opt30b,opt30b,32,1,relu,imbps,8,3,32,0.30651446875,3262.4887303953738,9.808463,9.7416465,9.867896,3.590911,2.7314692566872303,0.36610333341727447,0.36833018588131494,0.3612667616838326,0.37116011340767746,True,False,2.7149553263120954,2.694255023307456,2.768037655440783,,,,,,96,l2,aggregate_private_l2_across_96_pinned_physical_cores,49.65625,True,4.120340091563113,5,8,32,16,8,4,4,False,False,,
decode_l2_pilot_opt30b,opt30b,32,1,relu,imbps,14,3,32,0.339552,2945.0570163038356,10.865664,10.827650250000001,11.128769250000001,3.590911,3.0258795052286174,0.33048242610851947,0.33239433042994543,0.3152168679526798,0.3324926115882103,True,False,3.0084748999976023,3.007585627913118,3.1724190602329045,,,,,,96,l2,aggregate_private_l2_across_96_pinned_physical_cores,28.5625,True,4.120340091563113,5,8,32,16,8,4,4,False,False,,
decode_l2_pilot_opt30b,opt30b,32,1,relu,imbps,16,3,32,0.381509671875,2621.1655266439634,12.2083095,11.66670725,12.228824750000001,3.590911,3.3997805849267775,0.2941366288264563,0.2937682731585401,0.29315138611549685,0.32473877774636734,True,False,3.404043565522553,3.0793981764045317,3.4112067940419575,,,,,,96,l2,aggregate_private_l2_across_96_pinned_physical_cores,25.046875,True,4.120340091563113,5,8,32,16,8,4,4,False,False,,
decode_l2_pilot_opt30b,opt30b,32,1,relu,tpp,1,3,32,0.11221596875,8911.387667363519,3.590911,3.5886625,3.601832,3.590911,1.0,1.0,1.0,1.0,1.0,False,False,1.0,1.0,1.0,,,,,,96,l2,aggregate_private_l2_across_96_pinned_physical_cores,394.1875,False,4.120340091563113,5,8,32,16,8,4,4,False,False,,
decode_l2_pilot_opt30b,opt30b,128,1,relu,imbps,4,3,128,0.11094880078125,9013.166370059558,14.2014465,14.17315825,14.274479249999999,8.236429,1.7242237503656015,0.5799711318139318,0.5809277597179977,0.5724899202035865,0.5822908941545591,True,False,1.7213844290819127,1.7173546933992876,1.746755645312295,,,,,,96,l2,aggregate_private_l2_across_96_pinned_physical_cores,101.5,False,4.23342175066313,5,8,128,64,32,16,4,True,False,,
decode_l2_pilot_opt30b,opt30b,128,1,relu,imbps,7,3,128,0.1143284453125,8746.729628542109,14.634041,14.60297525,14.679852499999999,8.236429,1.776745844588717,0.562826699747527,0.562826699747527,0.5577884976867596,0.5661587796712572,True,False,1.776745844588717,1.7662889562194106,1.7927942296177923,,,,,,96,l2,aggregate_private_l2_across_96_pinned_physical_cores,58.75,True,4.23342175066313,5,8,128,64,32,16,4,False,False,,
decode_l2_pilot_opt30b,opt30b,128,1,relu,imbps,8,3,128,0.156156671875,6403.825004675292,19.988054,19.94970325,20.028184000000003,8.236429,2.4267864143550564,0.41206757796431803,0.4125187377401912,0.4104195798411366,0.41274725893776343,True,False,2.424132308457249,2.4227901660051634,2.4365309286342423,,,,,,96,l2,aggregate_private_l2_across_96_pinned_physical_cores,51.625,True,4.23342175066313,5,8,128,64,32,16,4,False,False,,
decode_l2_pilot_opt30b,opt30b,128,1,relu,imbps,14,3,128,0.14079516015625,7102.516868408203,18.0217805,17.957580999999998,18.86999225,8.236429,2.188057530757565,0.45702637428083204,0.45778021211611136,0.4177068560605215,0.45904157355612185,True,False,2.18445440308014,2.1784519259403012,2.3940234293284144,,,,,,96,l2,aggregate_private_l2_across_96_pinned_physical_cores,30.25,True,4.23342175066313,5,8,128,64,32,16,4,False,False,,
decode_l2_pilot_opt30b,opt30b,128,1,relu,imbps,16,3,128,0.195308171875,5120.113461714312,24.999446,24.98049275,25.0248185,8.236429,3.035228738085401,0.32946446093245424,0.32879705388274283,0.3285595208789827,0.33050904171996276,True,False,3.0413897819066977,3.0256358337309592,3.0435885629633814,,,,,,96,l2,aggregate_private_l2_across_96_pinned_physical_cores,26.6875,True,4.23342175066313,5,8,128,64,32,16,4,False,False,,
decode_l2_pilot_opt30b,opt30b,128,1,relu,tpp,1,3,128,0.0643471015625,15540.715521253205,8.236429,8.2251175,8.24322175,8.236429,1.0,1.0,1.0,1.0,1.0,False,False,1.0,1.0,1.0,,,,,,96,l2,aggregate_private_l2_across_96_pinned_physical_cores,400.75,False,4.23342175066313,5,8,128,64,32,16,4,False,False,,
decode_l2_pilot_opt30b,opt30b,512,1,relu,imbps,4,3,512,0.06392089746093749,15644.336042232622,32.72749949999999,32.70343225,32.74494925,39.000642,0.8391528400994013,1.1916780259976785,1.1916780259976785,1.1822534189388318,1.1976343063278119,True,True,0.8391528400994013,0.8349794212777701,0.845842341397144,,,,,,96,l2,aggregate_private_l2_across_96_pinned_physical_cores,112.0,False,4.719101123595506,5,8,512,256,128,64,4,True,False,,
decode_l2_pilot_opt30b,opt30b,512,1,relu,imbps,7,3,512,0.064781443359375,15436.519289212205,33.168099,32.9870665,33.2511535,39.000642,0.8504500772064213,1.175847973680976,1.1829852835400667,1.1590283170969595,1.1888252630598384,True,True,0.8453190533423326,0.8411665120794678,0.8627916895979895,,,,,,96,l2,aggregate_private_l2_across_96_pinned_physical_cores,67.0,True,4.719101123595506,5,8,512,256,128,64,4,False,False,,
decode_l2_pilot_opt30b,opt30b,512,1,relu,imbps,8,3,512,0.076224890625,13119.07425252537,39.027144,39.021342000000004,39.260867000000005,39.000642,1.000679527275474,0.9993209341682804,0.9993209341682804,0.9782426150011938,1.005685760084315,False,False,1.000679527275474,0.9943463850141039,1.0222412974707502,,,,,,96,l2,aggregate_private_l2_across_96_pinned_physical_cores,59.5,True,4.719101123595506,5,8,512,256,128,64,4,False,False,,
decode_l2_pilot_opt30b,opt30b,512,1,relu,imbps,14,3,512,0.071359416015625,14013.56759675609,36.536021,36.439060749999996,36.68853675,39.000642,0.9368056300201417,1.0674572909841495,1.0586191043266202,1.0574575430641449,1.0796671755392895,True,True,0.9446268217841133,0.9262113572180279,0.9456644444583061,,,,,,96,l2,aggregate_private_l2_across_96_pinned_physical_cores,37.0,True,4.719101123595506,5,8,512,256,128,64,4,False,False,,
decode_l2_pilot_opt30b,opt30b,512,1,relu,imbps,16,3,512,0.0893728359375,11189.082113264454,45.758892,45.75614950000001,46.121193000000005,39.000642,1.1732856089907444,0.8523073941563095,0.8443231317751313,0.844114106396563,0.8524095702862083,True,False,1.1843806741354685,1.173144970280233,1.1846739586771011,,,,,,96,l2,aggregate_private_l2_across_96_pinned_physical_cores,33.25,True,4.719101123595506,5,8,512,256,128,64,4,False,False,,
decode_l2_pilot_opt30b,opt30b,512,1,relu,tpp,1,3,512,0.07617312890625,13127.989021308931,39.000642,38.8179665,39.119007499999995,39.000642,1.0,1.0,1.0,1.0,1.0,False,False,1.0,1.0,1.0,,,,,,96,l2,aggregate_private_l2_across_96_pinned_physical_cores,427.0,False,4.719101123595506,5,8,512,256,128,64,4,False,False,,
decode_l2_pilot_opt30b,opt30b,1024,1,relu,imbps,4,3,1024,0.05705069921875,17528.268955402127,58.419916,58.272883,58.486658500000004,80.06222650000001,0.7296813810192999,1.3704611711526598,1.3704611711526598,1.3534796296461071,1.3941196816906762,True,True,0.7296813810192999,0.7172985312044948,0.7388363874094426,,,,,,96,l2,aggregate_private_l2_across_96_pinned_physical_cores,126.0,False,5.463414634146342,6,8,1024,512,256,128,4,True,False,,
decode_l2_pilot_opt30b,opt30b,1024,1,relu,imbps,7,3,1024,0.06058646435546875,16505.336804816146,62.0405395,61.968933750000005,62.04510875,80.06222650000001,0.7749039992036694,1.2904824352792743,1.2902923766985546,1.2803595576855917,1.3061522700008112,True,True,0.775018141670092,0.765607519863958,0.7810306050338107,,,,,,96,l2,aggregate_private_l2_across_96_pinned_physical_cores,78.0,True,5.463414634146342,6,8,1024,512,256,128,4,False,False,,
decode_l2_pilot_opt30b,opt30b,1024,1,relu,imbps,8,3,1024,0.061434359375,16277.53605919326,62.908784,62.87976775,62.95089525,80.06222650000001,0.7857486201685884,1.272671659016649,1.2738467653803631,1.258089427752587,1.2881252242930017,True,True,0.7850237777236934,0.7763220385260744,0.794856055492311,,,,,,96,l2,aggregate_private_l2_across_96_pinned_physical_cores,70.0,True,5.463414634146342,6,8,1024,512,256,128,4,False,False,,
decode_l2_pilot_opt30b,opt30b,1024,1,relu,imbps,14,3,1024,0.06237675439453125,16031.613214035275,63.8737965,63.79182725,64.0815995,80.06222650000001,0.7978019010000926,1.2534439924828957,1.2453409642436795,1.2439336389668298,1.2686640835573317,True,True,0.8029929382491003,0.7882307168308902,0.8039014049258825,,,,,,96,l2,aggregate_private_l2_across_96_pinned_physical_cores,46.0,True,5.463414634146342,6,8,1024,512,256,128,4,False,False,,
decode_l2_pilot_opt30b,opt30b,1024,1,relu,imbps,16,3,1024,0.06829664599609375,14642.007457543308,69.9357655,69.78080475,69.94056125,80.06222650000001,0.8735176194481675,1.1447965991020719,1.149892366116237,1.1331946527417363,1.15853853601748,True,True,0.8696466116889716,0.8631564414227755,0.8824609237084953,,,,,,96,l2,aggregate_private_l2_across_96_pinned_physical_cores,42.0,True,5.463414634146342,6,8,1024,512,256,128,4,False,False,,
decode_l2_pilot_opt30b,opt30b,1024,1,relu,tpp,1,3,1024,0.07818576806640626,12790.051498255547,80.06222650000001,79.656531,80.548309,80.06222650000001,1.0,1.0,1.0,1.0,1.0,False,False,1.0,1.0,1.0,,,,,,96,l2,aggregate_private_l2_across_96_pinned_physical_cores,462.0,False,5.463414634146342,6,8,1024,512,256,128,4,False,False,,
