blocks,tokens,heads,block_size,head_dim,run_length,num_runs,trial,memory_layout,traversal,median_ms,gib_per_second,gflops,useful_flops_per_kv_byte,checksum,max_abs_error
512,8192,32,16,128,512,1,0,BHND,BHND,31.22138,8.007333436,4.298904405,0.5,-2.508999498,0
512,8192,32,16,128,512,1,0,HBND,HBND,29.067027,8.600810809,4.617525143,0.5,-2.508999498,0
512,8192,32,16,128,512,1,0,BNHD,BNHD,31.573362,7.918067135,4.250979924,0.5,-2.508999498,0
512,8192,32,16,128,512,1,1,BHND,BHND,30.913224,8.087153899,4.341757689,0.5,-2.508999498,0
512,8192,32,16,128,512,1,1,HBND,HBND,29.051553,8.605391939,4.619984618,0.5,-2.508999498,0
512,8192,32,16,128,512,1,1,BNHD,BNHD,31.318005,7.982628523,4.285641055,0.5,-2.508999498,0
512,8192,32,16,128,512,1,2,BHND,BHND,30.933836,8.081765223,4.338864666,0.5,-2.508999498,0
512,8192,32,16,128,512,1,2,HBND,HBND,29.044132,8.607590683,4.62116506,0.5,-2.508999498,0
512,8192,32,16,128,512,1,2,BNHD,BNHD,31.476906,7.9423308,4.26400638,0.5,-2.508999498,0
512,8192,32,16,128,512,1,3,BHND,BHND,30.996701,8.065374441,4.330064932,0.5,-2.508999498,0
512,8192,32,16,128,512,1,3,HBND,HBND,29.00932,8.617920034,4.626710588,0.5,-2.508999498,0
512,8192,32,16,128,512,1,3,BNHD,BNHD,31.185026,8.016668,4.30391586,0.5,-2.508999498,0
512,8192,32,16,128,512,1,4,BHND,BHND,31.415213,7.957927899,4.272380009,0.5,-2.508999498,0
512,8192,32,16,128,512,1,4,HBND,HBND,28.993086,8.622745437,4.629301207,0.5,-2.508999498,0
512,8192,32,16,128,512,1,4,BNHD,BNHD,31.519381,7.931627845,4.258260275,0.5,-2.508999498,0
512,8192,32,16,128,256,2,0,BHND,BHND,31.058875,8.049229085,4.32139696,0.5,-2.508999498,0
512,8192,32,16,128,256,2,0,HBND,HBND,29.02901,8.612074611,4.623572351,0.5,-2.508999498,0
512,8192,32,16,128,256,2,0,BNHD,BNHD,31.809048,7.859398999,4.219482708,0.5,-2.508999498,0
512,8192,32,16,128,256,2,1,BHND,BHND,30.982319,8.06911839,4.332074949,0.5,-2.508998553,0
512,8192,32,16,128,256,2,1,HBND,HBND,29.013977,8.616536782,4.62596796,0.5,-2.508998553,0
512,8192,32,16,128,256,2,1,BNHD,BNHD,31.141651,8.027833849,4.30991048,0.5,-2.508998553,0
512,8192,32,16,128,256,2,2,BHND,BHND,30.98216,8.0691598,4.332097181,0.5,-2.508998553,0
512,8192,32,16,128,256,2,2,HBND,HBND,29.026486,8.612823474,4.623974394,0.5,-2.508998553,0
512,8192,32,16,128,256,2,2,BNHD,BNHD,31.214701,8.009046763,4.29982424,0.5,-2.508998553,0
512,8192,32,16,128,256,2,3,BHND,BHND,31.027809,8.057288222,4.325723676,0.5,-2.508999498,0
512,8192,32,16,128,256,2,3,HBND,HBND,29.037493,8.609558683,4.622221622,0.5,-2.508999498,0
512,8192,32,16,128,256,2,3,BNHD,BNHD,31.893827,7.838507433,4.208266634,0.5,-2.508999498,0
512,8192,32,16,128,256,2,4,BHND,BHND,30.964092,8.073868273,4.334625023,0.5,-2.508999498,0
512,8192,32,16,128,256,2,4,HBND,HBND,29.020257,8.614672158,4.624966898,0.5,-2.508999498,0
512,8192,32,16,128,256,2,4,BNHD,BNHD,32.025766,7.806214534,4.190929516,0.5,-2.508999498,0
512,8192,32,16,128,128,4,0,BHND,BHND,31.084494,8.042595128,4.317835381,0.5,-2.508999481,0
512,8192,32,16,128,128,4,0,HBND,HBND,29.052005,8.605258054,4.619912739,0.5,-2.508999481,0
512,8192,32,16,128,128,4,0,BNHD,BNHD,31.35955,7.97205317,4.279963456,0.5,-2.508999481,0
512,8192,32,16,128,128,4,1,BHND,BHND,31.778833,7.866871637,4.223494551,0.5,-2.508999514,0
512,8192,32,16,128,128,4,1,HBND,HBND,30.181931,8.283101568,4.446956293,0.5,-2.508999514,0
512,8192,32,16,128,128,4,1,BNHD,BNHD,32.016913,7.808373031,4.19208835,0.5,-2.508999514,0
512,8192,32,16,128,128,4,2,BHND,BHND,31.012145,8.061357897,4.327908566,0.5,-2.508997684,0
512,8192,32,16,128,128,4,2,HBND,HBND,29.072706,8.599130745,4.616623165,0.5,-2.508997684,0
512,8192,32,16,128,128,4,2,BNHD,BNHD,31.144135,8.027193563,4.309566729,0.5,-2.508997684,0
512,8192,32,16,128,128,4,3,BHND,BHND,31.103153,8.037770319,4.315245081,0.5,-2.508999134,0
512,8192,32,16,128,128,4,3,HBND,HBND,29.591891,8.44826037,4.535625249,0.5,-2.508999134,0
512,8192,32,16,128,128,4,3,BNHD,BNHD,31.28687,7.990572403,4.289905893,0.5,-2.508999134,0
512,8192,32,16,128,128,4,4,BHND,BHND,30.850191,8.103677543,4.350628753,0.5,-2.508998061,0
512,8192,32,16,128,128,4,4,HBND,HBND,29.011444,8.617289095,4.626371855,0.5,-2.508998061,0
512,8192,32,16,128,128,4,4,BNHD,BNHD,31.397999,7.962290845,4.274722348,0.5,-2.508998061,0
512,8192,32,16,128,64,8,0,BHND,BHND,30.884193,8.094755787,4.345838922,0.5,-2.508998491,0
512,8192,32,16,128,64,8,0,HBND,HBND,30.067939,8.31450403,4.463815362,0.5,-2.508998491,0
512,8192,32,16,128,64,8,0,BNHD,BNHD,31.451799,7.948670917,4.267410204,0.5,-2.508998491,0
512,8192,32,16,128,64,8,1,BHND,BHND,30.933738,8.081790827,4.338878412,0.5,-2.508999271,0
512,8192,32,16,128,64,8,1,HBND,HBND,29.12144,8.584740315,4.608897362,0.5,-2.508999271,0
512,8192,32,16,128,64,8,1,BNHD,BNHD,31.291878,7.98929358,4.28921933,0.5,-2.508999271,0
512,8192,32,16,128,64,8,2,BHND,BHND,30.910673,8.087821317,4.342116006,0.5,-2.508999682,0
512,8192,32,16,128,64,8,2,HBND,HBND,29.128983,8.582517282,4.60770388,0.5,-2.508999682,0
512,8192,32,16,128,64,8,2,BNHD,BNHD,31.303426,7.986346287,4.287637015,0.5,-2.508999682,0
512,8192,32,16,128,64,8,3,BHND,BHND,30.808378,8.11467582,4.356533408,0.5,-2.508998368,0
512,8192,32,16,128,64,8,3,HBND,HBND,29.113309,8.587137931,4.610184572,0.5,-2.508998368,0
512,8192,32,16,128,64,8,3,BNHD,BNHD,31.301684,7.986790743,4.28787563,0.5,-2.508998368,0
512,8192,32,16,128,64,8,4,BHND,BHND,30.867158,8.099223129,4.348237308,0.5,-2.508999441,0
512,8192,32,16,128,64,8,4,HBND,HBND,29.176805,8.568450178,4.600151662,0.5,-2.508999441,0
512,8192,32,16,128,64,8,4,BNHD,BNHD,31.172799,8.019812401,4.305603998,0.5,-2.508999441,0
512,8192,32,16,128,32,16,0,BHND,BHND,30.741648,8.13229011,4.365990008,0.5,-2.508998804,0
512,8192,32,16,128,32,16,0,HBND,HBND,29.260351,8.543984999,4.587017018,0.5,-2.508998804,0
512,8192,32,16,128,32,16,0,BNHD,BNHD,31.153319,8.024827146,4.308296269,0.5,-2.508998804,0
512,8192,32,16,128,32,16,1,BHND,BHND,30.873577,8.0975392,4.347333255,0.5,-2.508999887,0
512,8192,32,16,128,32,16,1,HBND,HBND,29.168833,8.570791982,4.601408908,0.5,-2.508999887,0
512,8192,32,16,128,32,16,1,BNHD,BNHD,31.310077,7.984649798,4.286726219,0.5,-2.508999887,0
512,8192,32,16,128,32,16,2,BHND,BHND,30.942391,8.079530764,4.33766505,0.5,-2.508998797,0
512,8192,32,16,128,32,16,2,HBND,HBND,29.207952,8.559312888,4.595246117,0.5,-2.508998797,0
512,8192,32,16,128,32,16,2,BNHD,BNHD,31.53743,7.927088542,4.255823255,0.5,-2.508998797,0
512,8192,32,16,128,32,16,3,BHND,BHND,30.929652,8.082858482,4.339451605,0.5,-2.508999105,0
512,8192,32,16,128,32,16,3,HBND,HBND,29.215934,8.556974424,4.593990663,0.5,-2.508999105,0
512,8192,32,16,128,32,16,3,BNHD,BNHD,31.267913,7.995416899,4.292506762,0.5,-2.508999105,0
512,8192,32,16,128,32,16,4,BHND,BHND,30.833768,8.107993807,4.35294603,0.5,-2.508998894,0
512,8192,32,16,128,32,16,4,HBND,HBND,29.160781,8.573158586,4.602679469,0.5,-2.508998894,0
512,8192,32,16,128,32,16,4,BNHD,BNHD,31.374524,7.968248379,4.277920774,0.5,-2.508998894,0
512,8192,32,16,128,16,32,0,BHND,BHND,30.975322,8.070941119,4.333053519,0.5,-2.508998062,0
512,8192,32,16,128,16,32,0,HBND,HBND,29.480944,8.480054099,4.552694378,0.5,-2.508998062,0
512,8192,32,16,128,16,32,0,BNHD,BNHD,31.306311,7.985610314,4.287241892,0.5,-2.508998062,0
512,8192,32,16,128,16,32,1,BHND,BHND,31.08715,8.041907991,4.317466477,0.5,-2.508997754,0
512,8192,32,16,128,16,32,1,HBND,HBND,29.419913,8.497645795,4.562138848,0.5,-2.508997754,0
512,8192,32,16,128,16,32,1,BNHD,BNHD,31.336717,7.97786188,4.283081983,0.5,-2.508997754,0
512,8192,32,16,128,16,32,2,BHND,BHND,31.119429,8.033566426,4.312988134,0.5,-2.508998957,0
512,8192,32,16,128,16,32,2,HBND,HBND,29.446593,8.489946528,4.558005335,0.5,-2.508998957,0
512,8192,32,16,128,16,32,2,BNHD,BNHD,31.194002,8.014361222,4.302677419,0.5,-2.508998957,0
512,8192,32,16,128,16,32,3,BHND,BHND,31.092409,8.040547775,4.316736217,0.5,-2.508999509,0
512,8192,32,16,128,16,32,3,HBND,HBND,29.434095,8.493551441,4.559940708,0.5,-2.508999509,0
512,8192,32,16,128,16,32,3,BNHD,BNHD,31.673216,7.893104382,4.237578148,0.5,-2.508999509,0
512,8192,32,16,128,16,32,4,BHND,BHND,30.908191,8.088470788,4.342464688,0.5,-2.508999828,0
512,8192,32,16,128,16,32,4,HBND,HBND,32.558534,7.678478398,4.1223517,0.5,-2.508999828,0
512,8192,32,16,128,16,32,4,BNHD,BNHD,31.344569,7.975863378,4.282009046,0.5,-2.508999828,0
512,8192,32,16,128,8,64,0,BHND,BHND,30.854089,8.102653752,4.350079109,0.5,-2.508999292,0
512,8192,32,16,128,8,64,0,HBND,HBND,29.854249,8.37401738,4.495766348,0.5,-2.508999292,0
512,8192,32,16,128,8,64,0,BNHD,BNHD,31.295736,7.988308695,4.288690574,0.5,-2.508999292,0
512,8192,32,16,128,8,64,1,BHND,BHND,30.878486,8.096251869,4.346642125,0.5,-2.508998733,0
512,8192,32,16,128,8,64,1,HBND,HBND,29.8683,8.370077976,4.493651396,0.5,-2.508998733,0
512,8192,32,16,128,8,64,1,BNHD,BNHD,31.080421,8.043649087,4.318401221,0.5,-2.508998733,0
512,8192,32,16,128,8,64,2,BHND,BHND,30.753797,8.129077525,4.364265265,0.5,-2.508999363,0
512,8192,32,16,128,8,64,2,HBND,HBND,29.884896,8.365429814,4.491155934,0.5,-2.508999363,0
512,8192,32,16,128,8,64,2,BNHD,BNHD,31.866408,7.845251966,4.211887578,0.5,-2.508999363,0
512,8192,32,16,128,8,64,3,BHND,BHND,31.055965,8.049983312,4.321801883,0.5,-2.508999637,0
512,8192,32,16,128,8,64,3,HBND,HBND,29.786787,8.392983104,4.505948493,0.5,-2.508999637,0
512,8192,32,16,128,8,64,3,BNHD,BNHD,31.438102,7.952134006,4.269269436,0.5,-2.508999637,0
512,8192,32,16,128,8,64,4,BHND,BHND,30.925187,8.08402549,4.340078138,0.5,-2.508998751,0
512,8192,32,16,128,8,64,4,HBND,HBND,29.906308,8.359440423,4.487940404,0.5,-2.508998751,0
512,8192,32,16,128,8,64,4,BNHD,BNHD,31.4035,7.960896078,4.273973538,0.5,-2.508998751,0
512,8192,32,16,128,4,128,0,BHND,BHND,30.750313,8.129998547,4.364759734,0.5,-2.508998814,0
512,8192,32,16,128,4,128,0,HBND,HBND,30.519755,8.191415691,4.397732813,0.5,-2.508998814,0
512,8192,32,16,128,4,128,0,BNHD,BNHD,31.303118,7.986424867,4.287679202,0.5,-2.508998814,0
512,8192,32,16,128,4,128,1,BHND,BHND,30.50302,8.195909782,4.400145559,0.5,-2.508998843,0
512,8192,32,16,128,4,128,1,HBND,HBND,30.536801,8.186843147,4.395277947,0.5,-2.508998843,0
512,8192,32,16,128,4,128,1,BNHD,BNHD,31.267384,7.99555217,4.292579386,0.5,-2.508998843,0
512,8192,32,16,128,4,128,2,BHND,BHND,30.869313,8.098657719,4.347933755,0.5,-2.508998781,0
512,8192,32,16,128,4,128,2,HBND,HBND,30.445043,8.211517389,4.408524829,0.5,-2.508998781,0
512,8192,32,16,128,4,128,2,BNHD,BNHD,31.123387,8.032544787,4.312439645,0.5,-2.508998781,0
512,8192,32,16,128,4,128,3,BHND,BHND,30.950295,8.077467436,4.336557309,0.5,-2.508998645,0
512,8192,32,16,128,4,128,3,HBND,HBND,30.470291,8.20471324,4.40487188,0.5,-2.508998645,0
512,8192,32,16,128,4,128,3,BNHD,BNHD,31.366624,7.970255262,4.278998212,0.5,-2.508998645,0
512,8192,32,16,128,4,128,4,BHND,BHND,30.955694,8.07605864,4.335800968,0.5,-2.50899801,0
512,8192,32,16,128,4,128,4,HBND,HBND,30.560496,8.1804955,4.39187008,0.5,-2.50899801,0
512,8192,32,16,128,4,128,4,BNHD,BNHD,31.396931,7.962561691,4.274867757,0.5,-2.50899801,0
512,8192,32,16,128,2,256,0,BHND,BHND,30.806889,8.115068029,4.356743974,0.5,-2.50899986,0
512,8192,32,16,128,2,256,0,HBND,HBND,31.82016,7.856654398,4.218009212,0.5,-2.50899986,0
512,8192,32,16,128,2,256,0,BNHD,BNHD,31.448278,7.949560863,4.267887991,0.5,-2.50899986,0
512,8192,32,16,128,2,256,1,BHND,BHND,30.897646,8.091231287,4.34394672,0.5,-2.508999449,0
512,8192,32,16,128,2,256,1,HBND,HBND,31.7278,7.879525211,4.230287886,0.5,-2.508999449,0
512,8192,32,16,128,2,256,1,BNHD,BNHD,31.480696,7.941374613,4.263493031,0.5,-2.508999449,0
512,8192,32,16,128,2,256,2,BHND,BHND,30.93298,8.081988868,4.338984734,0.5,-2.508999097,0
512,8192,32,16,128,2,256,2,HBND,HBND,31.668961,7.894164889,4.238147503,0.5,-2.508999097,0
512,8192,32,16,128,2,256,2,BNHD,BNHD,31.399604,7.961883851,4.274503844,0.5,-2.508999097,0
512,8192,32,16,128,2,256,3,BHND,BHND,30.911547,8.08759264,4.341993236,0.5,-2.508999172,0
512,8192,32,16,128,2,256,3,HBND,HBND,31.66171,7.89597277,4.239118102,0.5,-2.508999172,0
512,8192,32,16,128,2,256,3,BNHD,BNHD,31.34365,7.976097232,4.282134595,0.5,-2.508999172,0
512,8192,32,16,128,2,256,4,BHND,BHND,30.869453,8.098620989,4.347914037,0.5,-2.508999058,0
512,8192,32,16,128,2,256,4,HBND,HBND,31.770524,7.868929074,4.224599128,0.5,-2.508999058,0
512,8192,32,16,128,2,256,4,BNHD,BNHD,31.401097,7.961505294,4.274300608,0.5,-2.508999058,0
512,8192,32,16,128,1,512,0,BHND,BHND,31.062927,8.048179104,4.320833256,0.5,-2.50899963,0
512,8192,32,16,128,1,512,0,HBND,HBND,32.683394,7.649144394,4.106603127,0.5,-2.50899963,0
512,8192,32,16,128,1,512,0,BNHD,BNHD,31.428238,7.954629846,4.27060938,0.5,-2.50899963,0
512,8192,32,16,128,1,512,1,BHND,BHND,30.978319,8.070160295,4.332634318,0.5,-2.508999079,0
512,8192,32,16,128,1,512,1,HBND,HBND,32.903747,7.597918863,4.079101629,0.5,-2.508999079,0
512,8192,32,16,128,1,512,1,BNHD,BNHD,31.394908,7.963074776,4.275143217,0.5,-2.508999079,0
512,8192,32,16,128,1,512,2,BHND,BHND,31.152752,8.024973203,4.308374682,0.5,-2.508999525,0
512,8192,32,16,128,1,512,2,HBND,HBND,32.960142,7.584918779,4.072122262,0.5,-2.508999525,0
512,8192,32,16,128,1,512,2,BNHD,BNHD,31.431303,7.953854156,4.270192935,0.5,-2.508999525,0
512,8192,32,16,128,1,512,3,BHND,BHND,31.102466,8.037947859,4.315340398,0.5,-2.508998875,0
512,8192,32,16,128,1,512,3,HBND,HBND,32.888123,7.601528369,4.081039468,0.5,-2.508998875,0
512,8192,32,16,128,1,512,3,BNHD,BNHD,31.521429,7.931112514,4.257983609,0.5,-2.508998875,0
512,8192,32,16,128,1,512,4,BHND,BHND,30.897056,8.091385794,4.344029671,0.5,-2.508998017,0
512,8192,32,16,128,1,512,4,HBND,HBND,32.884729,7.602312916,4.081460668,0.5,-2.508998017,0
512,8192,32,16,128,1,512,4,BNHD,BNHD,31.506156,7.934957219,4.260047719,0.5,-2.508998017,0
