claim,model,batch,sequence,activation,backend,split,rounds,active_rows,milliseconds_per_active_row,active_rows_per_second,median_ms,q1_ms,q3_ms,baseline_median_ms,relative_time,speedup,paired_speedup_median,paired_speedup_ci95_low,paired_speedup_ci95_high,paired_speedup_ci95_excludes_one,paired_speedup_supports_faster,paired_relative_time_median,paired_relative_time_ci95_low,paired_relative_time_ci95_high,paper_speedup,paper_relative_time,paper_timing_target_in_ci95,paper_l3_miss_reduction_factor,paper_l3_misses_billions,cache_mib,cache_level,cache_scope,equation12_working_set_mib,equation12_fits,equation13_strict_lower_bound,equation13_strict_integer_candidate,equation13_author_power_of_two_candidate,normal_decode_batch_equivalent,empirical_best_imbps_split,is_empirical_best_imbps,equation_candidate_is_empirical_best,paper_reported_best_split,paper_best_split_reproduced
decode_l3_sweep_opt30b,opt30b,1,1,relu,imbps,2,5,1,2.984424,335.0730325181676,2.984424,2.981108,2.9970065,1.712522,1.7427069550055416,0.5738199397940775,0.5742167006361394,0.567042146888904,0.575144918999417,True,False,1.7415028139936743,1.7386922268907563,1.7635373410716186,,,,,,384,l3,aggregate_segmented_l3_across_12_ccds_on_package_0,196.041015625,True,1.0210121006505561,2,2,1,2,True,True,,
decode_l3_sweep_opt30b,opt30b,1,1,relu,imbps,4,5,1,3.444051,290.35574676449335,3.444051,3.441906,3.447677,1.712522,2.0110988355186095,0.49724060416062366,0.49703154802295324,0.49615218576521547,0.49965673809160494,True,False,2.0119447225788964,2.001373990911065,2.0155106209150326,,,,,,384,l3,aggregate_segmented_l3_across_12_ccds_on_package_0,98.02734375,True,1.0210121006505561,2,2,1,2,False,True,,
decode_l3_sweep_opt30b,opt30b,1,1,relu,imbps,8,5,1,3.905491,256.0497514909137,3.905491,3.9042595,3.913532,1.712522,2.2805493885625996,0.43849083252272253,0.438306476701649,0.430976250808986,0.44329997718308944,True,False,2.2815086090564214,2.255808823529412,2.3203134699949217,,,,,,384,l3,aggregate_segmented_l3_across_12_ccds_on_package_0,49.0205078125,True,1.0210121006505561,2,2,1,2,False,True,,
decode_l3_sweep_opt30b,opt30b,1,1,relu,imbps,16,5,1,8.62553,115.93490486961382,8.62553,8.565526,8.705818,1.712522,5.036741133836528,0.1985410751571208,0.19866605298457024,0.19468932542354378,0.20018017574168825,True,False,5.033572595704948,4.995499660717634,5.136388437447788,,,,,,384,l3,aggregate_segmented_l3_across_12_ccds_on_package_0,24.51708984375,True,1.0210121006505561,2,2,1,2,False,True,,
decode_l3_sweep_opt30b,opt30b,1,1,relu,imbps,32,5,1,13.472761,74.22383578243539,13.472761,13.472283,13.733677,1.712522,7.867204625692399,0.12710995170180783,0.12614261443290645,0.1245051358549618,0.12718996499678129,True,False,7.927535072074208,7.862255485527545,8.031797187586843,,,,,,384,l3,aggregate_segmented_l3_across_12_ccds_on_package_0,12.265380859375,True,1.0210121006505561,2,2,1,2,False,True,,
decode_l3_sweep_opt30b,opt30b,1,1,relu,tpp,1,5,1,1.712522,583.9341042042088,1.712522,1.711802,1.7136,1.712522,1.0,1.0,1.0,1.0,1.0,False,False,1.0,1.0,1.0,,,,,,384,l3,aggregate_segmented_l3_across_12_ccds_on_package_0,392.068359375,False,1.0210121006505561,2,2,1,2,False,True,,
decode_l3_sweep_opt30b,opt30b,8,1,relu,imbps,2,5,8,0.4294489375,2328.5655468643463,3.4355915,3.416049,3.454264,1.772409,1.9383739870424943,0.5158963165440361,0.5184972463802481,0.5095525496917119,0.5233561988952624,True,False,1.9286505511480274,1.910744540928093,1.962506125433024,,,,,,384,l3,aggregate_segmented_l3_across_12_ccds_on_package_0,196.328125,True,1.0222638284016443,2,2,8,2,True,True,,
decode_l3_sweep_opt30b,opt30b,8,1,relu,imbps,4,5,8,0.5438901875,1838.606437443772,4.3511215,4.350563,4.438337000000001,1.772409,2.454919547350527,0.40734532464790973,0.40712248046976907,0.3958600627043265,0.4129135140723319,True,False,2.4562632818657506,2.4218146559011036,2.526145206890735,,,,,,384,l3,aggregate_segmented_l3_across_12_ccds_on_package_0,98.21875,True,1.0222638284016443,2,2,8,2,False,True,,
decode_l3_sweep_opt30b,opt30b,8,1,relu,imbps,8,5,8,0.888305875,1125.7383612373385,7.106447,7.006347,7.399409,1.772409,4.009484831097112,0.2494086003877887,0.25179214029176605,0.23823098664547634,0.2530579772883073,True,False,3.971529845376597,3.9516636097217614,4.197606760064974,,,,,,384,l3,aggregate_segmented_l3_across_12_ccds_on_package_0,49.1640625,True,1.0222638284016443,2,2,8,2,False,True,,
decode_l3_sweep_opt30b,opt30b,8,1,relu,imbps,16,5,8,1.2809448749999999,780.6737194682169,10.247558999999999,10.0883705,10.281232,1.772409,5.781712347432223,0.17295914080611782,0.17295914080611782,0.17146655327191848,0.17749876722328686,True,False,5.781712347432223,5.633841945178341,5.832041181898374,,,,,,384,l3,aggregate_segmented_l3_across_12_ccds_on_package_0,24.63671875,True,1.0222638284016443,2,2,8,2,False,True,,
decode_l3_sweep_opt30b,opt30b,8,1,relu,imbps,32,5,8,1.9021583125000001,525.7185973578106,15.217266500000001,15.21126,15.5261915,1.772409,8.585640503969458,0.11647354667804495,0.11651317271732081,0.11213067186436586,0.11763308890913704,True,False,8.582720534322386,8.5010094461808,8.918166487128588,,,,,,384,l3,aggregate_segmented_l3_across_12_ccds_on_package_0,12.373046875,True,1.0222638284016443,2,2,8,2,False,True,,
decode_l3_sweep_opt30b,opt30b,8,1,relu,tpp,1,5,8,0.221551125,4513.630883165229,1.772409,1.771212,1.773012,1.772409,1.0,1.0,1.0,1.0,1.0,False,False,1.0,1.0,1.0,,,,,,384,l3,aggregate_segmented_l3_across_12_ccds_on_package_0,392.546875,False,1.0222638284016443,2,2,8,2,False,True,,
decode_l3_sweep_opt30b,opt30b,32,1,relu,imbps,2,5,32,0.144466484375,6922.02073253366,4.6229275,4.605324,4.625383,3.585581,1.2893105747715643,0.7756083131305865,0.7751965621009114,0.7564565042614069,0.798654010579843,True,False,1.2899954010242694,1.2521066528846136,1.3219530724722706,,,,,,384,l3,aggregate_segmented_l3_across_12_ccds_on_package_0,197.3125,True,1.026560208570963,2,2,32,2,True,True,,
decode_l3_sweep_opt30b,opt30b,32,1,relu,imbps,4,5,32,0.185690953125,5385.291976647018,5.9421105,5.9201115,5.945339,3.585581,1.6572238920275404,0.6034187684661872,0.6063086507731554,0.6022222618424282,0.6246955246382584,True,False,1.649324974540303,1.600779836831821,1.6605164959206549,,,,,,384,l3,aggregate_segmented_l3_across_12_ccds_on_package_0,98.875,True,1.026560208570963,2,2,32,2,False,True,,
decode_l3_sweep_opt30b,opt30b,32,1,relu,imbps,8,5,32,0.31403834375,3184.3245256575456,10.049227,9.739650000000001,10.075936,3.585581,2.802677446137739,0.35680167240724087,0.3573509683879168,0.34432423396310297,0.3734501546431159,True,False,2.7983693580325366,2.677733527666204,2.904239380685467,,,,,,384,l3,aggregate_segmented_l3_across_12_ccds_on_package_0,49.65625,True,1.026560208570963,2,2,32,2,False,True,,
decode_l3_sweep_opt30b,opt30b,32,1,relu,imbps,16,5,32,0.3854064375,2594.6634583653004,12.333006,12.080147,12.393084,3.585581,3.439611599905287,0.2907304999284035,0.2907304999284035,0.2884400210649565,0.3119726542071079,True,False,3.439611599905287,3.2054091488933336,3.4669252772478503,,,,,,384,l3,aggregate_segmented_l3_across_12_ccds_on_package_0,25.046875,True,1.026560208570963,2,2,32,2,False,True,,
decode_l3_sweep_opt30b,opt30b,32,1,relu,imbps,32,5,32,0.550418578125,1816.7991411309163,17.6133945,17.6065,17.652457,3.585581,4.912284647871572,0.20357126503922912,0.20365098117172634,0.20201830035642024,0.20770168098867617,True,False,4.910361807472764,4.814597528724477,4.950046595955432,,,,,,384,l3,aggregate_segmented_l3_across_12_ccds_on_package_0,12.7421875,True,1.026560208570963,2,2,32,2,False,True,,
decode_l3_sweep_opt30b,opt30b,32,1,relu,tpp,1,5,32,0.11204940625,8924.634529243656,3.585581,3.582929,3.591101,3.585581,1.0,1.0,1.0,1.0,1.0,False,False,1.0,1.0,1.0,,,,,,384,l3,aggregate_segmented_l3_across_12_ccds_on_package_0,394.1875,False,1.026560208570963,2,2,32,2,False,True,,
decode_l3_sweep_opt30b,opt30b,128,1,relu,imbps,2,5,128,0.09655760937499999,10356.511583839118,12.359373999999999,12.283183000000001,12.373104999999999,8.2352005,1.5007981894308462,0.6663121044803726,0.6675424640783377,0.66156452734129,0.6711812376039217,True,False,1.4980320411236754,1.4899105397670864,1.5115683484705897,,,,,,384,l3,aggregate_segmented_l3_across_12_ccds_on_package_0,201.25,True,1.0438194898626554,2,2,128,2,True,True,,
decode_l3_sweep_opt30b,opt30b,128,1,relu,imbps,4,5,128,0.109215734375,9156.189863325268,13.979614,13.977774,14.0066175,8.2352005,1.69754385457889,0.589086401098056,0.5882222815056448,0.5809032778830854,0.5909076080354425,True,False,1.7000376072806136,1.6923119391280883,1.7214569758397258,,,,,,384,l3,aggregate_segmented_l3_across_12_ccds_on_package_0,101.5,True,1.0438194898626554,2,2,128,2,False,True,,
decode_l3_sweep_opt30b,opt30b,128,1,relu,imbps,8,5,128,0.15640976953125,6393.462524731899,20.0204505,19.97801,20.063744,8.2352005,2.4310823397681696,0.4113394201594015,0.41166658625628394,0.4036058640200038,0.41345055222798816,True,False,2.4291502720540157,2.418668918474614,2.4776646950561583,,,,,,384,l3,aggregate_segmented_l3_across_12_ccds_on_package_0,51.625,True,1.0438194898626554,2,2,128,2,False,True,,
decode_l3_sweep_opt30b,opt30b,128,1,relu,imbps,16,5,128,0.19545101953125,5116.371367099026,25.0177305,24.954358499999998,25.1638295,8.2352005,3.0379018094337837,0.3291745628165592,0.32904776935059266,0.22402877598606513,0.33092278368461264,True,False,3.039072417885087,3.0218529799176785,4.463712286952821,,,,,,384,l3,aggregate_segmented_l3_across_12_ccds_on_package_0,26.6875,True,1.0438194898626554,2,2,128,2,False,True,,
decode_l3_sweep_opt30b,opt30b,128,1,relu,imbps,32,5,128,0.24865455078124998,4021.6436693319747,31.827782499999998,31.806734499999997,32.033461,8.2352005,3.864846095732581,0.2587425152851915,0.25798768732945815,0.24673973376920832,0.25901851639438356,True,False,3.876153975995643,3.8607278503494795,4.0528535259560785,,,,,,384,l3,aggregate_segmented_l3_across_12_ccds_on_package_0,14.21875,True,1.0438194898626554,2,2,128,2,False,True,,
decode_l3_sweep_opt30b,opt30b,128,1,relu,tpp,1,5,128,0.06433750390625,15543.033833845333,8.2352005,8.234385,8.257661,8.2352005,1.0,1.0,1.0,1.0,1.0,False,False,1.0,1.0,1.0,,,,,,384,l3,aggregate_segmented_l3_across_12_ccds_on_package_0,400.75,False,1.0438194898626554,2,2,128,2,False,True,,
decode_l3_sweep_opt30b,opt30b,256,1,relu,imbps,2,5,256,0.072503173828125,13792.499654850777,18.5608125,18.5119715,18.5804175,15.642748,1.186544237623722,0.8427835796520221,0.842835124668216,0.84068158288431,0.846578718043885,True,False,1.1864716724918796,1.1812250635246444,1.1895110114927003,,,,,,384,l3,aggregate_segmented_l3_across_12_ccds_on_package_0,206.5,True,1.067017082785808,2,2,256,2,True,True,,
decode_l3_sweep_opt30b,opt30b,256,1,relu,imbps,4,5,256,0.0858161171875,11652.822718780153,21.968926,21.94267,21.980097,15.642748,1.4044160271583996,0.7120397237443469,0.7121495379428198,0.7087694387422251,0.7171136898626554,True,False,1.4041994647482203,1.3944790263194167,1.4108960479088795,,,,,,384,l3,aggregate_segmented_l3_across_12_ccds_on_package_0,105.0,True,1.067017082785808,2,2,256,2,False,True,,
decode_l3_sweep_opt30b,opt30b,256,1,relu,imbps,8,5,256,0.11440230859375,8741.082346083283,29.286991,29.21929,29.317292000000002,15.642748,1.8722407981001805,0.5341193296368343,0.5340901870048719,0.5324087721870724,0.5376851783488156,True,False,1.8723429569225136,1.8598243735691453,1.878256054820656,,,,,,384,l3,aggregate_segmented_l3_across_12_ccds_on_package_0,54.25,True,1.067017082785808,2,2,256,2,False,True,,
decode_l3_sweep_opt30b,opt30b,256,1,relu,imbps,16,5,256,0.140186587890625,7133.350023328981,35.8877665,35.8200755,36.121016,15.642748,2.2942111258200923,0.43587967504191155,0.4358558925643924,0.4301317832042197,0.4394775332941741,True,False,2.294336309454075,2.275429172691355,2.324868886810943,,,,,,384,l3,aggregate_segmented_l3_across_12_ccds_on_package_0,28.875,True,1.067017082785808,2,2,256,2,False,True,,
decode_l3_sweep_opt30b,opt30b,256,1,relu,imbps,32,5,256,0.16621929687499998,6016.148659033365,42.552139999999994,42.506096,42.574999500000004,15.642748,2.720247107477535,0.36761366173358145,0.36782227960520986,0.36747294618288834,0.36804934867270883,True,False,2.718704264117219,2.717026951973386,2.721288765302216,,,,,,384,l3,aggregate_segmented_l3_across_12_ccds_on_package_0,16.1875,True,1.067017082785808,2,2,256,2,False,True,,
decode_l3_sweep_opt30b,opt30b,256,1,relu,tpp,1,5,256,0.061104484375,16365.410987890364,15.642748,15.6418945,15.6451605,15.642748,1.0,1.0,1.0,1.0,1.0,False,False,1.0,1.0,1.0,,,,,,384,l3,aggregate_segmented_l3_across_12_ccds_on_package_0,409.5,False,1.067017082785808,2,2,256,2,False,True,,
decode_l3_sweep_opt30b,opt30b,384,1,relu,imbps,2,5,384,0.06305945572916667,15858.0499694588,24.214831,24.198626,24.218487,23.502029,1.0303293813483083,0.9705634121501818,0.9712133655853022,0.95256348649312,0.9758910148908329,True,False,1.029639866413236,1.0247045876448244,1.0497987947045069,,,,,,384,l3,aggregate_segmented_l3_across_12_ccds_on_package_0,211.75,True,1.0904290429042904,2,2,384,2,True,True,,
decode_l3_sweep_opt30b,opt30b,384,1,relu,imbps,4,5,384,0.07007248697916667,14270.936327653266,26.907835,26.853794,26.935722499999997,23.502029,1.14491540283607,0.8734269776814078,0.8751846759530515,0.8673601310420385,0.8773121270461561,True,False,1.1426159843475643,1.1398451807191186,1.1529236406089005,,,,,,384,l3,aggregate_segmented_l3_across_12_ccds_on_package_0,108.5,True,1.0904290429042904,2,2,384,2,False,True,,
decode_l3_sweep_opt30b,opt30b,384,1,relu,imbps,8,5,384,0.08882432682291667,11258.177075674725,34.1085415,34.1018125,34.235637499999996,23.502029,1.4513019918407897,0.6890364690615692,0.689172430351026,0.6813672170649689,0.6912617853235363,True,False,1.4510156761358775,1.4466299471942639,1.467637384005003,,,,,,384,l3,aggregate_segmented_l3_across_12_ccds_on_package_0,56.875,True,1.0904290429042904,2,2,384,2,False,True,,
decode_l3_sweep_opt30b,opt30b,384,1,relu,imbps,16,5,384,0.10608068749999999,9426.786567536152,40.734984,40.525664,40.74226,23.502029,1.7332539245866814,0.5769495085600133,0.5786918876887496,0.5605007984210965,0.5810294394066674,True,False,1.728035283152011,1.7210831881791993,1.7841187788080795,,,,,,384,l3,aggregate_segmented_l3_across_12_ccds_on_package_0,31.0625,True,1.0904290429042904,2,2,384,2,False,True,,
decode_l3_sweep_opt30b,opt30b,384,1,relu,imbps,32,5,384,0.12690113802083333,7880.14997813361,48.730037,48.572302,48.907682,23.502029,2.0734395740895395,0.4822903992459517,0.4837236425656726,0.3102804578651177,0.4847226987535043,True,False,2.06729610050895,2.0630352211100584,3.222890693408448,,,,,,384,l3,aggregate_segmented_l3_across_12_ccds_on_package_0,18.15625,True,1.0904290429042904,2,2,384,2,False,True,,
decode_l3_sweep_opt30b,opt30b,384,1,relu,tpp,1,5,384,0.061203200520833334,16339.014814423044,23.502029,23.451873,23.571871,23.502029,1.0,1.0,1.0,1.0,1.0,False,False,1.0,1.0,1.0,,,,,,384,l3,aggregate_segmented_l3_across_12_ccds_on_package_0,418.25,False,1.0904290429042904,2,2,384,2,False,True,,
decode_l3_sweep_opt30b,opt30b,512,1,relu,imbps,2,5,512,0.059424681640625,16828.024524347835,30.425437,30.412933,30.439501,38.455307,0.7911895489483415,1.2639196275143065,1.2644392765406742,1.255625708187529,1.2785383427450958,True,True,0.7908643922671064,0.7821431446889127,0.7964156782386053,,,,,,384,l3,aggregate_segmented_l3_across_12_ccds_on_package_0,217.0,True,1.1140583554376657,2,2,512,2,True,True,,
decode_l3_sweep_opt30b,opt30b,512,1,relu,imbps,4,5,512,0.06397723828125,15630.559037323637,32.756346,32.639229,32.826517,38.455307,0.851803003419008,1.1739803639880955,1.1714708264662983,1.1649705150547294,1.1910205315906395,True,True,0.8536277450599993,0.8396160884518703,0.8583908236965301,,,,,,384,l3,aggregate_segmented_l3_across_12_ccds_on_package_0,112.0,True,1.1140583554376657,2,2,512,2,False,True,,
decode_l3_sweep_opt30b,opt30b,512,1,relu,imbps,8,5,512,0.077087357421875,12972.295762161268,39.468727,39.338945,39.489295,38.455307,1.0263531896910876,0.9743234688060751,0.9775378317847617,0.9678729387293442,0.982099787544508,True,False,1.0229783108999755,1.018226470143372,1.0331934699123144,,,,,,384,l3,aggregate_segmented_l3_across_12_ccds_on_package_0,59.5,True,1.1140583554376657,2,2,512,2,False,True,,
decode_l3_sweep_opt30b,opt30b,512,1,relu,imbps,16,5,512,0.0889607646484375,11240.910573912923,45.5479115,45.521491499999996,45.621058500000004,38.455307,1.184437599210949,0.8442825528893899,0.8427912533396424,0.8364181374660231,0.8519619353860584,True,False,1.1865334340352993,1.1737613600622423,1.1955742650793746,,,,,,384,l3,aggregate_segmented_l3_across_12_ccds_on_package_0,33.25,True,1.1140583554376657,2,2,512,2,False,True,,
decode_l3_sweep_opt30b,opt30b,512,1,relu,imbps,32,5,512,0.10440441308593751,9578.139184374118,53.455059500000004,53.424276500000005,53.490136,38.455307,1.390056761216339,0.7193950836403052,0.7193950836403052,0.7072993954862686,0.7250416787125014,True,False,1.390056761216339,1.3792310557591092,1.413828438680482,,,,,,384,l3,aggregate_segmented_l3_across_12_ccds_on_package_0,20.125,True,1.1140583554376657,2,2,512,2,False,True,,
decode_l3_sweep_opt30b,opt30b,512,1,relu,tpp,1,5,512,0.075108021484375,13314.157133110393,38.455307,38.300477,38.677034000000006,38.455307,1.0,1.0,1.0,1.0,1.0,False,False,1.0,1.0,1.0,,,,,,384,l3,aggregate_segmented_l3_across_12_ccds_on_package_0,427.0,False,1.1140583554376657,2,2,512,2,False,True,,
decode_l3_sweep_opt30b,opt30b,768,1,relu,imbps,2,5,768,0.056242807942708334,17780.051113711263,43.1944765,43.150577,43.212069,43.4109815,0.995012667474473,1.0050123306853829,1.0055198467816941,1.0043540636497816,1.0071895692602122,True,True,0.9945104546674427,0.992861751670549,0.9956648120345536,,,,,,384,l3,aggregate_segmented_l3_across_12_ccds_on_package_0,227.5,True,1.1619812583668006,2,2,768,2,True,True,,
decode_l3_sweep_opt30b,opt30b,768,1,relu,imbps,4,5,768,0.058896596354166664,16978.909850522366,45.232586,45.162618,45.265061,43.4109815,1.0419618363155414,0.9597280487124924,0.9593088044977133,0.9507058418643523,0.9644893193747374,True,False,1.0424172021683804,1.0368181170199828,1.0518500633581687,,,,,,384,l3,aggregate_segmented_l3_across_12_ccds_on_package_0,119.0,True,1.1619812583668006,2,2,768,2,False,True,,
decode_l3_sweep_opt30b,opt30b,768,1,relu,imbps,8,5,768,0.06584845572916666,15186.384994554455,50.571614,50.5262975,50.6603025,43.4109815,1.1649497950190322,0.8584060912115639,0.8584060912115639,0.853846154527298,0.8604123538873633,True,False,1.1649497950190322,1.1622334285206115,1.1711711702368854,,,,,,384,l3,aggregate_segmented_l3_across_12_ccds_on_package_0,64.75,True,1.1619812583668006,2,2,768,2,False,True,,
decode_l3_sweep_opt30b,opt30b,768,1,relu,imbps,16,5,768,0.07408730078124999,13497.589862972574,56.899046999999996,56.695263,57.028330499999996,43.4109815,1.3107063013537255,0.7629474268699088,0.7637490835303447,0.7604786572621889,0.7662249820813404,True,False,1.309330540048064,1.3050997075084179,1.3149612950350449,,,,,,384,l3,aggregate_segmented_l3_across_12_ccds_on_package_0,37.625,True,1.1619812583668006,2,2,768,2,False,True,,
decode_l3_sweep_opt30b,opt30b,768,1,relu,imbps,32,5,768,0.08539182682291667,11710.72264414455,65.580923,65.3904405,66.18518499999999,43.4109815,1.510698923036329,0.661945265698685,0.661511702114958,0.6548071550569481,0.6660161206043851,True,False,1.511689055239448,1.5014651583696454,1.5271671854487152,,,,,,384,l3,aggregate_segmented_l3_across_12_ccds_on_package_0,24.0625,True,1.1619812583668006,2,2,768,2,False,True,,
decode_l3_sweep_opt30b,opt30b,768,1,relu,tpp,1,5,768,0.05652471549479166,17691.37608648632,43.4109815,43.392018,43.450593,43.4109815,1.0,1.0,1.0,1.0,1.0,False,False,1.0,1.0,1.0,,,,,,384,l3,aggregate_segmented_l3_across_12_ccds_on_package_0,444.5,False,1.1619812583668006,2,2,768,2,False,True,,
decode_l3_sweep_opt30b,opt30b,1024,1,relu,imbps,2,5,1024,0.05521105859375,18112.313465281066,56.536124,56.521134,56.623247000000006,79.556063,0.7106450705083283,1.407172217890282,1.4066447291487023,1.3929954324695608,1.4342645155511544,True,True,0.7109115608780601,0.697221460307636,0.7178774435944546,,,,,,384,l3,aggregate_segmented_l3_across_12_ccds_on_package_0,238.0,True,1.2108108108108109,2,2,1024,2,True,True,,
decode_l3_sweep_opt30b,opt30b,1024,1,relu,imbps,4,5,1024,0.05727532568359375,17459.525337739724,58.6499335,58.4357155,58.68346,79.556063,0.737215132176664,1.3564561501165213,1.3585171298193481,1.3416673369293495,1.3807864154647724,True,True,0.736096717553335,0.724224969770868,0.7453412425532266,,,,,,384,l3,aggregate_segmented_l3_across_12_ccds_on_package_0,126.0,True,1.2108108108108109,2,2,1024,2,False,True,,
decode_l3_sweep_opt30b,opt30b,1024,1,relu,imbps,8,5,1024,0.0616891865234375,16210.29642885745,63.169727,63.155101,63.17048,79.556063,0.7940278165851421,1.2594017226004475,1.259386710374846,0.8961960061855264,1.2839462722100625,False,False,0.7940372816085683,0.7788487895826789,1.115827333639093,,,,,,384,l3,aggregate_segmented_l3_across_12_ccds_on_package_0,70.0,True,1.2108108108108109,2,2,1024,2,False,True,,
decode_l3_sweep_opt30b,opt30b,1024,1,relu,imbps,16,5,1024,0.06835670849609375,14629.142069606014,69.9972695,69.78210899999999,70.038411,79.556063,0.8798483341238241,1.1365595196538345,1.1407043327495394,1.1179597970466084,1.1584417089298034,True,True,0.876651355912371,0.8632285874131935,0.8944865483014407,,,,,,384,l3,aggregate_segmented_l3_across_12_ccds_on_package_0,42.0,True,1.2108108108108109,2,2,1024,2,False,True,,
decode_l3_sweep_opt30b,opt30b,1024,1,relu,imbps,32,5,1024,0.07990675292968749,12514.586857007342,81.82451499999999,81.33448,81.872198,79.556063,1.028513879576972,0.9722766214990703,0.9746049873975535,0.970197263008525,0.9882540640300198,True,False,1.02605672342213,1.0118855427946143,1.03071822414656,,,,,,384,l3,aggregate_segmented_l3_across_12_ccds_on_package_0,28.0,True,1.2108108108108109,2,2,1024,2,False,True,,
decode_l3_sweep_opt30b,opt30b,1024,1,relu,tpp,1,5,1024,0.0776914677734375,12871.426279603606,79.556063,79.3859205,79.7930525,79.556063,1.0,1.0,1.0,1.0,1.0,False,False,1.0,1.0,1.0,,,,,,384,l3,aggregate_segmented_l3_across_12_ccds_on_package_0,462.0,False,1.2108108108108109,2,2,1024,2,False,True,,
