pass,model,batch,sequence,rows,backend,split,rounds,cache_level,cache_scope,cache_mib,equation12_working_set_mib,equation12_fits,equation13_strict_lower_bound,equation13_strict_integer_candidate,equation13_author_power_of_two_candidate,median_ms_median,median_ms_ci95_low,median_ms_ci95_high,ipc_median,ipc_ci95_low,ipc_ci95_high,l2_access_pti_median,l2_access_pti_ci95_low,l2_access_pti_ci95_high,l2_miss_pti_median,l2_miss_pti_ci95_low,l2_miss_pti_ci95_high,l3_access_per_invocation_median,l3_access_per_invocation_ci95_low,l3_access_per_invocation_ci95_high,l3_miss_per_invocation_median,l3_miss_per_invocation_ci95_low,l3_miss_per_invocation_ci95_high,l3_hit_per_invocation_median,l3_hit_per_invocation_ci95_low,l3_hit_per_invocation_ci95_high,l3_miss_percent_median,l3_miss_percent_ci95_low,l3_miss_percent_ci95_high,l3_hit_percent_median,l3_hit_percent_ci95_low,l3_hit_percent_ci95_high,l3_miss_latency_ns_median,l3_miss_latency_ns_ci95_low,l3_miss_latency_ns_ci95_high,retired_instructions_per_invocation_median,retired_instructions_per_invocation_ci95_low,retired_instructions_per_invocation_ci95_high,l2_access_per_invocation_median,l2_access_per_invocation_ci95_low,l2_access_per_invocation_ci95_high,l2_miss_per_invocation_median,l2_miss_per_invocation_ci95_low,l2_miss_per_invocation_ci95_high,l2_hit_per_invocation_median,l2_hit_per_invocation_ci95_low,l2_hit_per_invocation_ci95_high,l2_miss_percent_median,l2_miss_percent_ci95_low,l2_miss_percent_ci95_high,l2_hit_percent_median,l2_hit_percent_ci95_low,l2_hit_percent_ci95_high,timing_speedup_median,timing_speedup_ci95_low,timing_speedup_ci95_high,l3_miss_reduction_factor_median,l3_miss_reduction_factor_ci95_low,l3_miss_reduction_factor_ci95_high,l3_access_reduction_factor_median,l3_access_reduction_factor_ci95_low,l3_access_reduction_factor_ci95_high,l2_miss_reduction_factor_median,l2_miss_reduction_factor_ci95_low,l2_miss_reduction_factor_ci95_high,l2_access_reduction_factor_median,l2_access_reduction_factor_ci95_low,l2_access_reduction_factor_ci95_high,total_mem_bw_gbps_median,total_mem_bw_gbps_ci95_low,total_mem_bw_gbps_ci95_high,read_mem_bw_gbps_median,read_mem_bw_gbps_ci95_low,read_mem_bw_gbps_ci95_high,write_mem_bw_gbps_median,write_mem_bw_gbps_ci95_low,write_mem_bw_gbps_ci95_high,dram_bytes_per_invocation_median,dram_bytes_per_invocation_ci95_low,dram_bytes_per_invocation_ci95_high,dram_read_bytes_per_invocation_median,dram_read_bytes_per_invocation_ci95_low,dram_read_bytes_per_invocation_ci95_high,dram_write_bytes_per_invocation_median,dram_write_bytes_per_invocation_ci95_low,dram_write_bytes_per_invocation_ci95_high,measured_dram_ai_flops_per_byte_median,measured_dram_ai_flops_per_byte_ci95_low,measured_dram_ai_flops_per_byte_ci95_high,dram_byte_reduction_factor_median,dram_byte_reduction_factor_ci95_low,dram_byte_reduction_factor_ci95_high,dram_ai_increase_factor_median,dram_ai_increase_factor_ci95_low,dram_ai_increase_factor_ci95_high
cache,opt30b,32,1,32,imbps,2,5,l3,aggregate_segmented_l3_across_12_ccds_on_package_0,384.0,197.3125,True,1.026560208570963,2,2,4.66067,4.623414,4.8037005,0.5,0.5,0.54,173.07,170.81,175.69,24.16,23.59,24.57,23126615.76533593,22690188.61764706,23810376.52201258,14179093.417547569,13764819.606092436,14906388.37184874,8910433.936575053,8900921.81512605,9066650.923076924,61.41,60.66,62.61,38.59,37.39,39.34,156.48,151.81,165.51,915174156.7135307,899313309.5501461,918515746.1428572,158437636.48063606,155118477.90978622,158967520.18494427,21936724.53642333,21667786.45151,22504409.34402375,136272945.79613364,132905504.60802771,137299733.7334343,13.842688842688844,13.630322990697406,14.320004683566536,86.15731115731116,85.67999531643346,86.36967700930259,0.7724649031147883,0.7493185722132345,0.7773620316069467,0.9493243180878731,0.915221833877518,0.9802211876784663,1.5699449027440244,1.5584675906206042,1.6115525720386668,1.5252653773445912,1.4997534378266,1.5704734969607244,0.9902811012641002,0.9732394671418495,1.007850612628481,,,,,,,,,,,,,,,,,,,,,,,,,,,
cache,opt30b,32,1,32,imbps,4,5,l3,aggregate_segmented_l3_across_12_ccds_on_package_0,384.0,98.875,True,1.026560208570963,2,2,6.0020285,5.9298020000000005,6.233993,0.41,0.37,0.42,157.9,151.32,163.39,25.7,25.46,25.92,25721646.73057644,25462094.98966408,27243243.937238492,16035277.47368421,15697161.18992248,18108159.920502093,9686369.25689223,9135084.016736401,9772475.1514393,62.34,61.65,66.47,37.66,33.53,38.35,177.56,174.23,195.5,947869202.0055788,944609747.6620775,953397119.7372061,150229143.0992986,144268052.15863404,154339786.67050683,24295625.02361065,24219793.930055667,24683451.42999627,126006001.97638446,119584600.72863775,130119992.74045117,16.124129195693474,15.692514841789585,17.109436954797783,83.87587080430653,82.89056304520221,84.30748515821041,0.5988137177289311,0.5775773248381896,0.6070189190128102,0.8394340672812158,0.7550136325313018,0.8691158826178358,1.4012452072656285,1.3522076079372012,1.467913983168282,1.3624272340871861,1.3541400151749086,1.419887371747864,1.035828487896051,0.9963223674921442,1.1010674811310392,,,,,,,,,,,,,,,,,,,,,,,,,,,
cache,opt30b,32,1,32,imbps,8,5,l3,aggregate_segmented_l3_across_12_ccds_on_package_0,384.0,49.65625,True,1.026560208570963,2,2,9.958292,9.65742,10.7202845,0.3,0.28,0.31,159.83,154.94,165.86,31.28,30.97,32.49,36590699.387033395,35404405.88761905,38577535.97325103,27373362.023575637,26177508.53142857,29318675.15432099,9217337.36345776,9065816.061657032,9258860.818930041,74.81,73.94,76.0,25.19,24.0,26.06,207.58,205.7,226.64,1080648164.78389,1070141393.232381,1082155391.026975,172925118.61490944,165807707.4674251,179236304.61105597,33842818.684066616,33163681.776271485,34965973.44359834,139082299.93084282,132644025.69115362,144947338.34246317,19.690909090909095,19.130592065597494,20.001290822253775,80.3090909090909,79.99870917774624,80.86940793440252,0.3609150042999341,0.3352584999026845,0.3727188006734718,0.49947184684136525,0.45972037880403444,0.5142031822301547,1.0214662715447278,0.9342763927691622,1.0279339502276965,1.0010566122394273,0.9412233999237014,1.030791382501833,0.9040690805569086,0.8659601754087395,0.9464661827772441,,,,,,,,,,,,,,,,,,,,,,,,,,,
cache,opt30b,32,1,32,imbps,16,5,l3,aggregate_segmented_l3_across_12_ccds_on_package_0,384.0,25.046875,True,1.026560208570963,2,2,11.54443,11.323356,12.440923,0.27,0.25,0.27,143.43,137.43,158.54,33.6,32.01,37.12,40671459.862559244,40142104.343457945,41782712.25060241,31364651.81954887,30669610.299065422,33485348.139759038,9151316.805687204,8297364.110843373,10344581.107728338,77.5,74.97,80.14,22.5,19.86,25.03,183.14,179.02,191.14,1149789436.6374407,1102279332.3084338,1178848392.4360902,165502046.43590468,162009134.57249188,175332609.34495127,38632925.07101801,37734937.041879244,40916608.81528906,127392718.86746971,124274197.53061265,135920403.43020043,23.291857672997157,22.47853725670096,23.426061493411417,76.70814232700283,76.57393850658858,77.52146274329904,0.311795558550747,0.2893839950621027,0.3174029413188104,0.4354354719151291,0.4019835222717938,0.4448263922867529,0.8861762344604373,0.8626135610351674,0.9346986465915964,0.8532738952048541,0.804066587890407,0.924471818261992,0.9324369244047084,0.8980061221735016,0.964984186872636,,,,,,,,,,,,,,,,,,,,,,,,,,,
cache,opt30b,32,1,32,tpp,1,5,l3,aggregate_segmented_l3_across_12_ccds_on_package_0,384.0,394.1875,False,1.026560208570963,2,2,3.599502,3.5940665000000003,3.600613,0.7,0.7,0.7,204.58,201.24,207.74,43.98,43.07,45.65,36566431.8268116,36042081.151011564,37576869.84576394,13492567.822463768,13460558.189717596,13741996.06372194,23073864.004347827,22563688.70303468,23834873.782041997,36.9,36.5,37.4,63.1,62.6,63.5,163.71,163.33,165.1,764123343.5390173,762802644.0564808,764652261.4710145,156336252.99137554,153772181.65379184,158848860.79798856,33629406.45949522,32899678.038156018,34884885.8591079,121451367.13226765,120861389.24756637,125219454.33849335,21.40230570463129,20.964370777232293,22.314009189559094,78.59769429536871,77.6859908104409,79.03562922276771,,,,,,,,,,,,,,,,,,,,,,,,,,,,,,,,,,,,,,,,,,
cache,opt30b,128,1,128,imbps,2,5,l3,aggregate_segmented_l3_across_12_ccds_on_package_0,384.0,201.25,True,1.0438194898626554,2,2,12.593034,12.5224365,12.665434,0.82,0.82,0.83,172.8,165.96,173.23,22.89,22.78,22.98,78031827.38287154,77547895.89113924,78261474.96482413,52771434.82575758,52644122.881012656,52826218.00251256,25379763.42065491,24903773.010126583,25468781.165829144,67.51,67.46,67.89,32.49,32.11,32.54,155.45,155.4,155.55,3274795055.160804,3270542123.040201,3277469438.680101,565884585.5317869,542964615.0173098,567657706.7793934,75021275.45138751,74528404.0135835,75254790.36759529,490629795.1641917,468436211.0037263,492636431.3280059,13.29861111111111,13.21593533487298,13.726199084116656,86.70138888888889,86.27380091588334,86.78406466512702,0.6573096681863958,0.6517597028258171,0.6623639896277375,0.4705612670917075,0.4668579750112169,0.4719702053676611,1.638160117938672,1.63209270714352,1.651005051872239,1.6670557819267215,1.6474994301092538,1.670260788388579,1.0681754270485568,1.0539535056000164,1.1102137979409927,,,,,,,,,,,,,,,,,,,,,,,,,,,
cache,opt30b,128,1,128,imbps,4,5,l3,aggregate_segmented_l3_across_12_ccds_on_package_0,384.0,101.5,True,1.0438194898626554,2,2,14.4613165,14.2932165,14.560398,0.71,0.71,0.72,177.42,174.92,184.97,24.87,24.61,25.43,87653232.716763,86725733.14697406,89584202.03529412,59656140.748554915,59019533.69164265,60553957.314705886,27997091.968208093,27706199.45533141,29030244.720588237,68.02,67.59,68.06,31.98,31.94,32.41,164.96,161.66,166.77,3383229623.4356723,3375164468.50289,3395423941.2507205,599699222.7635936,591702010.2129633,625837268.4031916,83940340.33166689,83315918.77169727,86041205.25216609,515758882.43192667,508386091.44126606,539796063.1510254,13.997073390364699,13.748175379791318,14.14055884843353,86.00292660963531,85.85944115156646,86.25182462020868,0.5734579559198499,0.567540221084616,0.5791224809335254,0.41625544204277865,0.40727876852013284,0.4195915005764722,1.4625828617831056,1.428572210820092,1.4762857946828494,1.4893390652411849,1.453907818604482,1.5011887628230924,1.0006485412974182,0.9658485349600339,1.0188440107859869,,,,,,,,,,,,,,,,,,,,,,,,,,,
cache,opt30b,128,1,128,imbps,8,5,l3,aggregate_segmented_l3_across_12_ccds_on_package_0,384.0,51.625,True,1.0438194898626554,2,2,20.292742,20.2637515,21.720281,0.53,0.51,0.53,174.26,171.45,180.31,26.86,26.79,27.51,103208593.7398374,102724321.2244898,106987105.6468085,82059116.83739838,81760110.22857143,84255997.43829787,21149476.902439024,20676678.640816327,22731108.208510637,79.54,78.75,79.87,20.46,20.13,21.25,179.73,178.76,184.19,3726099592.0040817,3709850291.3617887,3741437210.489362,646478511.7727053,638839775.0490998,674034427.916183,100008513.04938956,99644237.37129967,102926937.66056235,546831932.9467278,538831261.9997103,573103089.9219677,15.464988743289268,14.974211080916202,15.654709827938174,84.53501125671073,84.34529017206184,85.02578891908381,0.4072200543425822,0.38005122953980197,0.4088231936667189,0.30164270932618853,0.293914919506296,0.3036418072058508,1.2397762757502144,1.1967046599148055,1.2450975232522805,1.2403879222004042,1.2094197464185041,1.255165229935092,0.9285502509681397,0.8968091948736253,0.9461903162872949,,,,,,,,,,,,,,,,,,,,,,,,,,,
cache,opt30b,128,1,128,imbps,16,5,l3,aggregate_segmented_l3_across_12_ccds_on_package_0,384.0,26.6875,True,1.0438194898626554,2,2,25.899688,25.1177325,27.1821015,0.42,0.39,0.43,172.46,170.3,178.98,29.92,28.95,30.28,119650647.77720207,116234064.94897959,125255959.51666667,96237124.46632124,95185724.43877551,100360963.37222221,23413523.31088083,21048340.51020408,24894996.144444443,80.43,80.12,81.89,19.57,18.11,19.88,195.5,193.62,200.27,3864641189.147959,3860078228.494898,3924902949.616667,667573549.6314461,658148394.5118974,702479129.922391,115702232.55520533,111881362.4258334,118846061.31439266,553033407.796464,546267032.0860641,583633068.6079984,16.9180914068611,16.830625667547366,17.34895048127102,83.08190859313889,82.65104951872898,83.16937433245263,0.32025138681207277,0.3036858463647485,0.3289951232660034,0.2576493712039147,0.24675026895820107,0.26087200079711975,1.0695930522199681,1.0221626848924286,1.0957799631659666,1.0809896945132593,1.0474210879885115,1.1167866217083444,0.905464288008901,0.8581134751327542,0.9090424515655224,,,,,,,,,,,,,,,,,,,,,,,,,,,
cache,opt30b,128,1,128,tpp,1,5,l3,aggregate_segmented_l3_across_12_ccds_on_package_0,384.0,400.75,False,1.0438194898626554,2,2,8.277523,8.2548195,8.294411,1.18,1.18,1.19,211.57,210.13,211.69,43.76,43.41,43.89,128031967.87833333,127355176.39666668,128204827.05843072,24831290.381666668,24662341.164154105,24916578.534223706,103288248.52420701,102523886.015,103367922.71356784,19.37,19.27,19.5,80.63,80.5,80.73,163.99,163.17,164.75,2849690613.4507513,2847212820.83,2856847075.082077,602852049.2755065,598284830.0410079,604480272.6166167,125015628.00559169,123597508.55223027,125095981.0382773,478324936.54086596,474687321.4887777,479464644.611025,20.6815066874616,20.650375762159094,20.74686835263531,79.3184933125384,79.2531316473647,79.34962423784091,,,,,,,,,,,,,,,,,,,,,,,,,,,,,,,,,,,,,,,,,,
cache,opt30b,256,1,256,imbps,2,5,l3,aggregate_segmented_l3_across_12_ccds_on_package_0,384.0,206.5,True,1.067017082785808,2,2,18.850819,18.823473,18.913485,1.06,1.05,1.07,176.58,169.63,178.03,19.38,19.25,19.56,123946824.35907336,122912651.16153847,125579642.88416989,71386882.43243243,70873750.58076923,71587675.38996139,52861478.20689655,52038900.58076923,54192760.45173745,57.35,56.85,57.76,42.65,42.24,43.15,142.09,141.6,142.52,6148862679.138461,6116335612.307693,6269641228.119691,1091340277.9858084,1037514009.9157538,1107093248.0613751,119164958.72170338,117739460.53692307,121380254.17639722,972416493.2701722,919774549.3788308,985712993.8849779,10.963869067844602,10.889475754340621,11.348228497317692,89.0361309321554,88.65177150268231,89.11052424565939,0.8335915272434581,0.8298121684078845,0.8351911201508883,0.4256933648121189,0.4170824307609782,0.43532967050899934,1.9949323122042624,1.9707883870666671,2.0102262931829364,2.044737688957973,2.0218472896461748,2.0742273297624085,1.116277652152087,1.10372917568665,1.1718327043461079,,,,,,,,,,,,,,,,,,,,,,,,,,,
cache,opt30b,256,1,256,imbps,4,5,l3,aggregate_segmented_l3_across_12_ccds_on_package_0,384.0,105.0,True,1.067017082785808,2,2,22.47277,22.43397,22.507399,0.92,0.92,0.92,171.98,170.05,184.47,22.04,21.96,22.19,146446402.6171171,146204012.78923768,147295408.7927928,89364917.48198198,89299392.27477476,89410018.7882883,57147010.34234234,56848651.48878924,57918467.41891892,60.98,60.68,61.12,39.02,38.88,39.32,153.01,153.0,153.07,6377379553.554054,6369925587.986486,6392011716.757848,1096403796.0635986,1084473393.081867,1177161325.856172,140393159.95922217,140302350.1781892,141601397.62968755,955831033.5144513,944171042.9036777,1035559928.2264844,12.821258285847192,12.02905621510273,12.937371361364303,87.1787417141528,87.06262863863569,87.97094378489726,0.6986257813344772,0.6981652122486476,0.7004831735087459,0.34030513355710423,0.3330075851999169,0.34645898565457667,1.6887769780993371,1.6774605885871754,1.6902687155026475,1.7390633273220408,1.7246892398325215,1.7480362860583354,1.114849004752035,1.032817525798584,1.1233459216062476,,,,,,,,,,,,,,,,,,,,,,,,,,,
cache,opt30b,256,1,256,imbps,8,5,l3,aggregate_segmented_l3_across_12_ccds_on_package_0,384.0,54.25,True,1.067017082785808,2,2,29.53975,29.497569,29.6486555,0.71,0.71,0.72,170.86,166.93,177.91,24.33,24.13,24.61,171994824.64285713,171007210.3668639,174089578.39053255,129398071.89880952,129139801.91666667,130105559.59763314,42596752.74404762,41816104.840236686,43984018.79289941,75.23,74.73,75.55,24.77,24.45,25.27,163.96,163.69,165.0,6849848330.940828,6840150724.005918,6872591698.011905,1169824035.9057763,1147241732.1491272,1218656516.5576828,166935252.34470916,165052836.9702628,168574767.4244538,1003244270.0531042,980306479.8044181,1050081749.1332289,14.21753476313929,13.832836827609466,14.551009405139881,85.78246523686072,85.4489905948601,86.16716317239054,0.5322048257009623,0.5295368789994541,0.532717899566571,0.23546643025683597,0.22988950623978305,0.23779596323761892,1.4422676388916706,1.4201511944706264,1.4448644744258339,1.4596143048218815,1.4518416967741306,1.4796377409809,1.044542666748094,0.9996572017274741,1.0610008876235455,,,,,,,,,,,,,,,,,,,,,,,,,,,
cache,opt30b,256,1,256,imbps,16,5,l3,aggregate_segmented_l3_across_12_ccds_on_package_0,384.0,28.875,True,1.067017082785808,2,2,36.079215,35.710583,36.439573,0.6,0.59,0.6,173.72,171.09,175.55,24.84,24.67,25.16,186595808.1942446,181194754.57553956,190113712.647482,147194085.8561151,141279901.10071942,149247455.5611511,39401722.3381295,38634468.85714286,40866257.086330935,78.88,77.97,79.13,21.12,20.87,22.03,169.57,166.32,173.24,7245145896.654676,7213232908.791367,7319920818.316546,1263191187.0817428,1238072120.1228776,1271616644.5579505,180258690.39069626,178737749.2704709,182292900.39282835,1084453437.811272,1058320460.3890985,1091034197.9700813,14.235260609512958,14.14969888156008,14.602437608821822,85.76473939048705,85.39756239117818,85.85030111843992,0.4357411185359771,0.4312514446862481,0.4400343450007523,0.20729718138753903,0.2022786056667516,0.2145545242613429,1.326347597211109,1.3004507631421351,1.369038359969874,1.358643403898844,1.3366460338077653,1.3692903562328642,0.9652855206922696,0.9609272757795766,0.9820048673060225,,,,,,,,,,,,,,,,,,,,,,,,,,,
cache,opt30b,256,1,256,tpp,1,5,l3,aggregate_segmented_l3_across_12_ccds_on_package_0,384.0,409.5,False,1.067017082785808,2,2,15.713883,15.69464,15.7211975,1.25,1.25,1.26,213.96,213.37,214.65,42.87,42.83,43.05,247233522.69620255,247082243.12974682,248062569.6392405,30408088.161392406,29774214.449367087,30938576.86708861,216684119.62974682,216294945.82911393,217750327.67088607,12.31,12.03,12.51,87.69,87.49,87.97,139.39,139.0,139.8,5698049622.8924055,5689028304.95886,5708977755.32595,1218238763.2090042,1215792848.0365524,1222324680.847856,244464936.16957122,243661082.30138803,245412337.9231125,973563413.8276097,971574441.1993839,977859744.6782849,20.083974807557734,20.0,20.08997610009841,79.91602519244226,79.91002389990159,80.0,,,,,,,,,,,,,,,,,,,,,,,,,,,,,,,,,,,,,,,,,,
cache,opt30b,384,1,384,imbps,2,5,l3,aggregate_segmented_l3_across_12_ccds_on_package_0,384.0,211.75,True,1.0904290429042904,2,2,24.464457,24.3710725,24.508941,1.21,1.19,1.21,181.67,174.63,183.27,17.31,16.99,17.48,160517673.22772276,157594580.4009901,162954785.57,77601993.84158416,77202794.89108911,77948490.995,83093156.5990099,79992586.55940594,85006294.575,48.22,47.83,49.24,51.78,50.76,52.17,129.99,129.1,131.07,8858397545.945,8852403123.861385,8877343719.826733,1610614630.9808998,1545895157.5199137,1623478518.2453403,153353901.33266985,150402329.07440493,154844789.1031186,1457260729.6482303,1395492828.445509,1468633729.1422217,9.561292453349482,9.521452145214523,9.83981693363844,90.43870754665052,90.16018306636157,90.47854785478549,0.9662770823104924,0.9509333636017433,0.9936079513230153,1.0105057343787744,0.9632499504022115,1.021432657507095,2.2803821791780674,2.259566413782029,2.3346716632302003,2.3927567599626394,1.9269499129155723,2.4312941248508086,1.0371022161200538,0.935974574006942,1.1466728061726945,,,,,,,,,,,,,,,,,,,,,,,,,,,
cache,opt30b,384,1,384,imbps,4,5,l3,aggregate_segmented_l3_across_12_ccds_on_package_0,384.0,108.5,True,1.0904290429042904,2,2,27.179925,27.088946999999997,27.367596,1.11,1.11,1.11,183.29,175.47,192.94,18.92,18.75,19.18,180494363.44808742,178914074.40983605,182794359.21311477,94789903.6557377,93910094.02732241,95119082.75409836,86366445.3715847,84711215.24590164,87675276.4590164,52.2,52.04,52.81,47.8,47.19,47.96,138.11,137.23,138.99,9087524807.120218,9078081526.797813,9095164853.229507,1665652421.897065,1595928576.7961817,1751525049.7803702,171931703.3880107,170534340.99805328,174117603.68398207,1493898203.0424929,1425394235.7981284,1577407446.096388,10.311528179387855,9.940914273867524,10.685587279876904,89.68847182061215,89.3144127201231,90.05908572613248,0.873629260803563,0.8470357060225532,0.8943394435415108,0.8235394861272474,0.7845306882032292,0.8458496409308839,2.0363997361638475,2.0128170405514756,2.0483029485550164,2.102776997581369,1.7066299540135268,2.151644086043655,1.0120528613304252,0.8872109337707247,1.1013144706053857,,,,,,,,,,,,,,,,,,,,,,,,,,,
cache,opt30b,384,1,384,imbps,8,5,l3,aggregate_segmented_l3_across_12_ccds_on_package_0,384.0,56.875,True,1.0904290429042904,2,2,34.720721,34.628063,34.931679,0.89,0.88,0.89,182.95,174.56,194.54,21.04,20.55,21.37,210727842.17931035,205969165.5,213291325.3402778,134888729.33333334,134342882.0972222,135043058.8888889,75824103.68965517,70926106.6111111,78402596.00694445,64.02,63.24,65.56,35.98,34.44,36.76,158.3,158.22,158.41,9579851521.229166,9566732819.986206,9587919254.537931,1750233769.4164765,1672258881.5457635,1861393861.0625372,201284058.53250977,196865948.7612594,204472020.20616028,1548949710.8839667,1475392932.784504,1656921840.856377,11.500409948073242,10.984887426750284,11.772456461961504,88.49959005192675,88.22754353803849,89.01511257324972,0.6821862727199038,0.6636191463914459,0.700102944290817,0.5809257433740922,0.5512492773167755,0.5912767246969659,1.7449257379631826,1.7263109967158725,1.78634311717326,1.8299346585337652,1.4641608396118808,1.8574685025185935,0.9467890473877201,0.841784553149174,1.0600248310139584,,,,,,,,,,,,,,,,,,,,,,,,,,,
cache,opt30b,384,1,384,imbps,16,5,l3,aggregate_segmented_l3_across_12_ccds_on_package_0,384.0,31.0625,True,1.0904290429042904,2,2,40.828543,40.738978,41.39126900000001,0.81,0.81,0.82,197.77,183.73,200.4,25.65,25.22,25.82,283799293.6859504,278007934.2845529,284805554.42276424,222774189.2704918,220590872.45528457,223850390.02439025,60598769.18181818,57417061.82926829,61154347.28688525,78.6,78.46,79.35,21.4,20.65,21.54,156.72,156.17,157.77,10436726498.729507,10409142082.146341,10462458351.14876,2058720121.0069034,1916000153.7191136,2093363228.219444,267937958.1029378,263002905.76822534,269617551.7091036,1792766540.8080642,1652997247.950888,1825425270.116506,13.055569601051728,12.799401197604789,13.72666412670767,86.94443039894827,86.27333587329233,87.20059880239522,0.57606021002296,0.5683581739567984,0.5872755193855013,0.3522816659406159,0.333178376327592,0.36006316952502343,1.296830409875395,1.2880089531755934,1.3248168380841412,1.3684635846141513,1.1235818325089884,1.3749478340133094,0.815724286174403,0.7867923915327071,0.8610378459094076,,,,,,,,,,,,,,,,,,,,,,,,,,,
cache,opt30b,384,1,384,tpp,1,5,l3,aggregate_segmented_l3_across_12_ccds_on_package_0,384.0,418.25,False,1.0904290429042904,2,2,23.682428,23.181331,24.308079,1.2,1.18,1.3,195.46,180.59,207.72,42.73,35.4,42.89,367931601.14084506,365536031.17241377,368309592.4611651,78217485.53883494,74365588.3497537,79433819.3127962,290092106.9223301,287036406.83886254,291317442.75609756,21.24,20.34,21.68,78.76,78.32,79.66,185.26,154.9,203.47,8587156711.345971,8347606972.266991,8614106052.878048,1683713169.0955436,1507494343.1216958,1772635938.322139,365672299.0424787,295505286.81825143,368961801.2867312,1322179138.0562518,1211989056.3034444,1406963639.2796602,20.87649013093609,19.60241430865496,22.265483050407518,79.12350986906392,77.73451694959249,80.39758569134503,,,,,,,,,,,,,,,,,,,,,,,,,,,,,,,,,,,,,,,,,,
cache,opt30b,512,1,512,imbps,2,5,l3,aggregate_segmented_l3_across_12_ccds_on_package_0,384.0,217.0,True,1.1140583554376657,2,2,30.713795,30.619579,30.871181,1.27,1.26,1.27,179.39,169.88,180.25,17.57,17.06,17.96,210151379.13043478,205015561.04968944,215791272.08074534,83484049.21118012,82155145.82608695,85554584.01875,126667329.91925466,122860415.22360249,131970659.31677018,39.73,38.84,40.29,60.27,59.71,61.16,125.93,125.37,126.16,11614497807.217392,11575832020.888199,11674283491.54375,2083464296.1570685,1966502343.7084873,2099441578.2588694,203720116.21948737,197483694.27635267,209187077.64510015,1879744179.937581,1769018649.4321346,1890254500.613769,9.963938973647712,9.677239533976254,10.042382858488343,90.03606102635229,89.95761714151165,90.32276046602375,1.2589905713257141,1.2558368944262754,1.2694482235099895,1.1310860749939442,1.1151068943712794,1.163785208181232,2.300816486507655,2.246878085242397,2.3730852261324022,2.3225812144910547,2.2960512144752343,2.4091290526131957,0.9718047005540397,0.9563237675804042,1.0240631010323744,,,,,,,,,,,,,,,,,,,,,,,,,,,
cache,opt30b,512,1,512,imbps,4,5,l3,aggregate_segmented_l3_across_12_ccds_on_package_0,384.0,112.0,True,1.1140583554376657,2,2,33.051861,33.035473999999994,33.2313155,1.2,1.2,1.2,189.95,176.43,194.59,17.37,17.14,17.57,214689059.91333333,211252742.4834437,216977974.96,98873007.50666666,98285597.26490067,99673381.02666667,115302356.33112583,112967145.21854305,117304593.93333334,46.08,45.94,46.53,53.92,53.47,54.06,130.65,129.98,132.04,11844497469.245033,11839767332.706667,11858455998.313334,2248963804.8476315,2089724688.498901,2307536952.7117915,205846601.30054107,203014686.62285987,208058783.77766487,2043662239.2984977,1886710001.8760412,2101555572.0210888,9.14199490087934,8.92646076365692,9.71490109391827,90.85800509912066,90.28509890608174,91.07353923634307,1.1674449108857954,1.1639048949921202,1.1796483260050017,0.957994560971543,0.9535734716505259,0.9701766026687688,2.266118983169587,2.235569297678467,2.2888212104679275,2.311253633981145,2.307393558842892,2.3395059964343474,0.9040571756820359,0.8693363034754469,0.9534588150707158,,,,,,,,,,,,,,,,,,,,,,,,,,,
cache,opt30b,512,1,512,imbps,8,5,l3,aggregate_segmented_l3_across_12_ccds_on_package_0,384.0,59.5,True,1.1140583554376657,2,2,39.8414755,39.74384,39.942771,1.01,1.0,1.01,188.57,184.79,191.45,19.36,19.32,19.42,249835056.144,248331589.8548387,250164963.0080645,140130630.69354838,138611680.4,140624360.73387095,109562705.58064516,108602467.79032259,111223375.744,56.12,55.48,56.34,43.88,43.66,44.52,150.8,149.86,151.01,12348035399.2,12314273655.685484,12363173189.508064,2331323568.3455358,2280277946.693534,2364031377.17684,239057965.32851198,238405595.16272032,239939052.56639323,2091972535.3966596,2041872351.530814,2124973411.8483279,10.266744445033675,10.112300861843824,10.455111207316415,89.73325555496632,89.5448887926836,89.88769913815618,0.9719025116750527,0.9651549426175243,0.9795737402324487,0.681323643549275,0.6714885319591077,0.6882717690822757,1.9473286161571424,1.9333618074671282,1.955989781897932,1.9956062900865132,1.9719862601957605,2.009797979742738,0.8611363914524504,0.8485613448156051,0.883147815907988,,,,,,,,,,,,,,,,,,,,,,,,,,,
cache,opt30b,512,1,512,imbps,16,5,l3,aggregate_segmented_l3_across_12_ccds_on_package_0,384.0,33.25,True,1.1140583554376657,2,2,46.2378825,46.049233,46.312931,0.91,0.91,0.93,197.85,192.57,207.89,22.42,22.18,22.69,313162192.6574074,308269632.6759259,314968208.99065423,225201785.0093458,223996290.78703704,225838761.20560747,87397736.4953271,84273341.8888889,89638733.22429906,72.1,71.54,72.66,27.9,27.34,28.46,153.7,152.46,154.24,13155231222.925234,13095035970.542055,13204793192.00926,2597742030.174551,2521711076.8472834,2745144456.686805,294371373.85147053,291757401.423677,298492196.4481736,2303370656.32308,2229953675.4236064,2447508418.138916,11.33181703310589,10.842272355572659,11.56981876720154,88.6681829668941,88.43018123279846,89.15772764442734,0.83751874868361,0.8318126056268212,0.8418722732102618,0.421433437971668,0.4190647727099287,0.4259110994613669,1.5485720937799132,1.5351382900360335,1.5781994156391363,1.6249406732703204,1.5851553929232074,1.6318910723307507,0.779438117241863,0.7365206552392827,0.7985936639511,,,,,,,,,,,,,,,,,,,,,,,,,,,
cache,opt30b,512,1,512,tpp,1,5,l3,aggregate_segmented_l3_across_12_ccds_on_package_0,384.0,427.0,False,1.1140583554376657,2,2,38.675406,38.453197,38.9895725,0.96,0.94,0.96,176.1,174.42,176.31,41.62,41.42,41.78,485069299.09302324,483519757.765625,486519399.0542636,95045891.97674419,94427645.546875,95610943.48837209,390310158.37984496,389092112.21875,391108447.6640625,19.59,19.5,19.65,80.41,80.35,80.5,261.25,260.19,262.2,11452532796.320312,11423382784.773438,11531914614.155039,2013822488.2855458,1992466425.3201828,2033191865.621675,475763705.2985435,473156514.9453158,480382016.9379526,1538058782.9870024,1519309910.374867,1552887621.9421177,23.692623886732132,23.623163745675228,23.747276688453162,76.30737611326786,76.25272331154683,76.37683625432477,,,,,,,,,,,,,,,,,,,,,,,,,,,,,,,,,,,,,,,,,,
cache,opt30b,1024,1,1024,imbps,2,5,l3,aggregate_segmented_l3_across_12_ccds_on_package_0,384.0,238.0,True,1.2108108108108109,2,2,57.011717,56.903509,57.075108,1.36,1.35,1.36,167.14,165.16,172.58,19.21,18.26,19.51,445649026.4367816,424279698.7586207,452808268.3563218,114659590.88505746,113521008.45977011,115613528.73563218,330422282.045977,310542822.9310345,338148677.47126436,25.86,25.32,26.81,74.14,73.19,74.68,120.63,120.12,121.5,22700188054.068966,22598843119.344826,22708603902.057472,3794109431.357087,3732424929.5909915,3918264624.529763,435083850.55592775,412654875.3592366,442955978.8189575,3354633790.630312,3319770054.231755,3475308645.7108054,11.30490207440028,10.97189695550351,11.583103984683497,88.69509792559971,88.4168960153165,89.02810304449648,1.4030425928566184,1.3784280952132815,1.407002105968544,1.9429265031351608,1.928896226382062,1.9611537630932996,2.1672974177839657,2.121999197162452,2.2700465507359286,2.174122201413717,2.131000438049298,2.279377583934779,1.1013902764690586,1.0587793864534567,1.109114231830488,,,,,,,,,,,,,,,,,,,,,,,,,,,
cache,opt30b,1024,1,1024,imbps,4,5,l3,aggregate_segmented_l3_across_12_ccds_on_package_0,384.0,126.0,True,1.2108108108108109,2,2,58.71506,58.593265,59.0801525,1.31,1.3,1.31,169.71,164.83,197.38,18.05,18.01,19.38,421615996.4,418361437.68235296,451580873.89285713,120796184.89411765,120461173.58823529,121676233.35714285,301154822.8117647,297444458.64705884,329904640.53571427,28.57,26.94,28.9,71.43,71.1,73.06,130.37,130.13,131.15,22806249640.070587,22792101589.88095,22844287078.541176,3870448626.4163795,3758383669.6313686,4498705011.810702,412110938.89688283,411386915.4035185,441710928.8118928,3458795820.4131055,3343851029.2509875,4056994082.99881,10.63579046608921,9.818623974060188,11.029545592428562,89.36420953391078,88.97045440757144,90.18137602593983,1.3561570275229065,1.3371650220573734,1.3638289170676372,1.8461385969461577,1.8210455303492878,1.8558523318446458,2.2782240674543397,2.1277667799292357,2.302159281337875,2.2864029884680175,2.1370070861473756,2.3085147176729004,1.079131739248888,0.922171559199906,1.1118596723697747,,,,,,,,,,,,,,,,,,,,,,,,,,,
cache,opt30b,1024,1,1024,imbps,8,5,l3,aggregate_segmented_l3_across_12_ccds_on_package_0,384.0,70.0,True,1.2108108108108109,2,2,63.667336,63.436836,63.859299500000006,1.24,1.23,1.24,204.01,191.03,212.53,18.0,17.75,18.78,431629411.0886076,426866357.3164557,448627615.48717946,156278084.33333334,155923670.51898733,157101961.34615386,275705740.56962025,270492019.3037975,291525654.14102566,36.12,35.02,36.63,63.88,63.37,64.98,135.36,134.19,136.22,23246045445.177216,23171247625.089745,23303834810.294872,4751286942.019603,4440692061.392203,4952764012.231969,419210651.22470886,412617306.6518955,437646017.7373378,4332076290.794894,4028074754.740308,4515117994.494631,8.836399567119937,8.555560875185522,9.291734282573417,91.16360043288007,90.70826571742657,91.44443912481448,1.256919786018574,1.2366984388859448,1.2576723794403013,1.4273476409639343,1.4178441068687992,1.4316741377907705,2.2253713151744363,2.148510219745757,2.262661293586889,2.2694179286191205,2.150059448060904,2.292500687006423,0.873287782086037,0.8437299304460635,0.9405569898014342,,,,,,,,,,,,,,,,,,,,,,,,,,,
cache,opt30b,1024,1,1024,imbps,16,5,l3,aggregate_segmented_l3_across_12_ccds_on_package_0,384.0,42.0,True,1.2108108108108109,2,2,70.271959,70.157386,70.523048,1.14,1.14,1.15,201.68,194.8,208.49,17.86,17.74,18.39,451512891.47887325,449930977.5070422,465975652.85915494,245474880.14084506,243850990.18309858,246536420.92957747,205849816.12676057,204456097.36619717,219439231.92957747,54.41,52.91,54.56,45.59,45.44,47.09,145.1,144.86,145.58,24178050227.830986,24138641868.521126,24254648274.78873,4877356486.950598,4702207435.987916,5056851618.810703,431368419.1155521,428219506.7475648,446042981.7733648,4447613206.639649,4273987929.240351,4610808637.037339,8.822367121122307,8.810987703292342,9.106776180698152,91.17763287887769,90.89322381930185,91.18901229670767,1.134741751377507,1.1173342640879578,1.141196409455734,0.9077737831671949,0.902650245832193,0.9147205097025114,2.1347807225997575,2.0613431288277035,2.1449643252119155,2.1813487349669276,2.132897964171626,2.204335323416749,0.8563499447032489,0.8273851363419772,0.8822617614380737,,,,,,,,,,,,,,,,,,,,,,,,,,,
cache,opt30b,1024,1,1024,tpp,1,5,l3,aggregate_segmented_l3_across_12_ccds_on_package_0,384.0,462.0,False,1.2108108108108109,2,2,80.025447,78.5117245,80.121964,0.94,0.94,0.95,180.62,179.71,181.68,41.06,40.89,41.14,963134666.7142857,960535710.2222222,965853984.234375,223006499.296875,221577960.9047619,223877095.546875,740079164.6825397,737978426.9365079,741976888.6875,23.16,23.06,23.18,76.84,76.82,76.94,233.82,228.57,235.48,23037639039.703125,22863302693.126984,23164455022.095238,4176723957.8981767,4122939374.651589,4183963866.090842,943939384.8997539,940596272.7952441,951364167.7574514,3230798498.927966,3182343101.856345,3237830280.2138524,22.738345698150813,22.517613386173487,22.813730383186382,77.26165430184919,77.18626961681362,77.48238661382652,,,,,,,,,,,,,,,,,,,,,,,,,,,,,,,,,,,,,,,,,,
traffic,opt30b,32,1,32,imbps,2,5,l3,aggregate_segmented_l3_across_12_ccds_on_package_0,384.0,197.3125,True,1.026560208570963,2,2,4.7543285,4.6243455,4.791185,,,,,,,,,,,,,,,,,,,,,,,,,,,,,,,,,,,,,,,,,,,,,,0.7512455228956098,0.7491839806048356,0.7721267798870131,,,,,,,,,,,,,128.56,118.41,137.98,113.64,107.92,123.62,13.96,10.49,14.92,662685607.1207454,635927030.9691297,699906817.4322304,594582201.7160884,579589943.2665186,618679299.4166044,68496157.82175039,56337087.70261101,81227518.015626,39.69706661096498,37.585967207052086,41.36744218579541,0.875101383815866,0.8376226174370373,0.8965564816718046,0.875101383815866,0.8376226174370374,0.8965564816718047
traffic,opt30b,32,1,32,imbps,4,5,l3,aggregate_segmented_l3_across_12_ccds_on_package_0,384.0,98.875,True,1.026560208570963,2,2,5.9363735,5.873184999999999,6.18783,,,,,,,,,,,,,,,,,,,,,,,,,,,,,,,,,,,,,,,,,,,,,,0.6013412060410283,0.5772084882745647,0.6082096852048762,,,,,,,,,,,,,140.57,132.71,149.22,114.17,108.67,117.11,25.48,24.04,32.1,881571499.0226029,818763713.9595951,1027725710.6912374,721776081.82764,670447236.8019681,806573904.1619811,159795417.1949628,148316477.15762687,221082933.34129956,29.840659228623174,25.596980219854974,32.12975152596736,0.6515263709986145,0.5704418740145175,0.7085609984484021,0.6515263709986144,0.5704418740145175,0.7085609984484023
traffic,opt30b,32,1,32,imbps,8,5,l3,aggregate_segmented_l3_across_12_ccds_on_package_0,384.0,49.65625,True,1.026560208570963,2,2,9.995208,9.764646,10.7029245,,,,,,,,,,,,,,,,,,,,,,,,,,,,,,,,,,,,,,,,,,,,,,0.35997019771874683,0.3337095389208809,0.36558273592304324,,,,,,,,,,,,,162.08,161.22,177.05,131.0,129.57,138.62,31.66,31.09,38.43,1577455189.5100589,1547278938.3660696,1825855291.2547894,1274966867.1385593,1243523955.1177993,1429540019.6201012,303850956.3867371,301683692.1776392,396315271.63468826,16.676654185131294,14.407863982430484,17.001895415043855,0.3614330887350027,0.3210866617894539,0.3734379381688426,0.3614330887350028,0.3210866617894539,0.3734379381688426
traffic,opt30b,32,1,32,imbps,16,5,l3,aggregate_segmented_l3_across_12_ccds_on_package_0,384.0,25.046875,True,1.026560208570963,2,2,12.4689835,11.6405225,12.826207,,,,,,,,,,,,,,,,,,,,,,,,,,,,,,,,,,,,,,,,,,,,,,0.286293265204818,0.27838167589217916,0.30909067870449974,,,,,,,,,,,,,162.46,158.04,172.0,124.99,123.6,128.65,38.56,33.06,43.35,2045056855.0029106,1799732303.7281168,2200199065.285156,1559661112.4883702,1423364595.31117,1645672149.7031121,485395742.5145404,376481586.6948339,554526915.5820436,12.863541971287912,11.956497529277213,14.616993112534649,0.2786912634117019,0.26530624715610546,0.31679405893011664,0.2786912634117019,0.2653062471561055,0.3167940589301167
traffic,opt30b,32,1,32,tpp,1,5,l3,aggregate_segmented_l3_across_12_ccds_on_package_0,384.0,394.1875,False,1.026560208570963,2,2,3.571668,3.569786,3.597977,,,,,,,,,,,,,,,,,,,,,,,,,,,,,,,,,,,,,,,,,,,,,,,,,,,,,,,,,,,,,160.65,156.9,162.76,160.13,156.37,162.23,0.53,0.52,0.53,580144034.6565326,569939478.6695229,586257780.3796114,578266195.2664213,568023897.9497888,584348732.5570432,1913951.6860750846,1873028.0523310266,1925918.3287916523,45.34507487192306,44.872197126264155,46.156961699531294,,,,,,
traffic,opt30b,128,1,128,imbps,2,5,l3,aggregate_segmented_l3_across_12_ccds_on_package_0,384.0,201.25,True,1.0438194898626554,2,2,12.537603,12.5010925,12.667877,,,,,,,,,,,,,,,,,,,,,,,,,,,,,,,,,,,,,,,,,,,,,,0.6577064543890497,0.6515251432361445,0.660379340452876,,,,,,,,,,,,,205.98,205.3,208.6,200.67,200.02,203.32,5.28,5.24,5.31,2603314582.309359,2590270768.7978053,2619337379.3459907,2536859829.869824,2524276609.0832114,2553037756.321317,66454752.43953498,65994159.71459376,67502011.62093915,40.42027785157453,40.17302222376315,40.62382204190867,0.3351507272221483,0.3338644671338775,0.33764285935953736,0.3351507272221483,0.3338644671338775,0.33764285935953736
traffic,opt30b,128,1,128,imbps,4,5,l3,aggregate_segmented_l3_across_12_ccds_on_package_0,384.0,101.5,True,1.0438194898626554,2,2,14.4790635,14.306121,14.540397500000001,,,,,,,,,,,,,,,,,,,,,,,,,,,,,,,,,,,,,,,,,,,,,,0.5694186833613042,0.5673810501212417,0.5765587560903155,,,,,,,,,,,,,215.03,211.49,218.88,204.56,203.64,205.78,10.47,7.85,13.29,3120468799.1622496,3039509154.4849033,3226385480.001569,2968530426.250429,2926690199.279712,3030485155.4894123,151938372.91182044,112818955.20519145,195900324.51215667,33.72143915691455,32.61442236342721,34.61963540946547,0.2816854248372212,0.26907235271354973,0.288834049273267,0.2816854248372212,0.26907235271354973,0.288834049273267
traffic,opt30b,128,1,128,imbps,8,5,l3,aggregate_segmented_l3_across_12_ccds_on_package_0,384.0,51.625,True,1.0438194898626554,2,2,20.167894,20.128506,21.434703499999998,,,,,,,,,,,,,,,,,,,,,,,,,,,,,,,,,,,,,,,,,,,,,,0.4084755701314178,0.3840189578549571,0.4106228233824831,,,,,,,,,,,,,219.01,217.25,220.15,203.84,202.36,205.09,13.92,13.84,17.79,4442429675.397367,4407366151.869606,4653659177.87276,4160074435.5383124,4126593090.687211,4277603775.7634873,282355239.8590537,280975931.891342,376055402.1092727,23.686744966331442,22.6116040582285,23.87518874676723,0.19570846763356634,0.18692799971125326,0.19943670416637466,0.1957084676335663,0.18692799971125326,0.19943670416637468
traffic,opt30b,128,1,128,imbps,16,5,l3,aggregate_segmented_l3_across_12_ccds_on_package_0,384.0,26.6875,True,1.0438194898626554,2,2,25.291285,25.025219,25.889017,,,,,,,,,,,,,,,,,,,,,,,,,,,,,,,,,,,,,,,,,,,,,,0.32592827924717943,0.3192496648289118,0.32919160467686615,,,,,,,,,,,,,212.14,210.62,213.78,190.31,187.59,190.72,22.06,21.83,23.46,5453641736.91321,5375142519.472738,5589591214.255689,4892441590.232643,4817601580.204416,4976195153.415393,566341784.7654711,557540939.2683221,613396060.8402959,19.29475822362304,18.825473047765982,19.576541156032818,0.16035224178370214,0.15735584695092614,0.16173336787094153,0.16035224178370217,0.1573558469509261,0.16173336787094153
traffic,opt30b,128,1,128,tpp,1,5,l3,aggregate_segmented_l3_across_12_ccds_on_package_0,384.0,400.75,False,1.0438194898626554,2,2,8.243145,8.2313325,8.279574,,,,,,,,,,,,,,,,,,,,,,,,,,,,,,,,,,,,,,,,,,,,,,,,,,,,,,,,,,,,,104.67,103.91,105.17,103.86,103.19,104.38,0.77,0.72,0.81,874503678.3991964,868131131.8648576,879554859.6286595,868093703.793129,862115787.6733197,872947953.2950412,6409974.606067408,6015344.191537844,6802162.695141707,120.32733692398006,119.63631102717778,121.2106038933997,,,,,,
traffic,opt30b,256,1,256,imbps,2,5,l3,aggregate_segmented_l3_across_12_ccds_on_package_0,384.0,206.5,True,1.067017082785808,2,2,18.787724,18.7299685,18.8132275,,,,,,,,,,,,,,,,,,,,,,,,,,,,,,,,,,,,,,,,,,,,,,0.8345316613005398,0.8332459580747604,0.8367314671609367,,,,,,,,,,,,,177.66,175.92,178.91,171.71,170.58,173.47,5.44,5.34,6.11,3417094126.0599146,3391818405.244414,3448812017.25051,3299575015.9044147,3288860752.424921,3343946233.483014,104865783.76749638,102918649.32620922,117519110.1554997,61.588411012448056,61.02199727075277,62.04736585502276,0.35062840651583105,0.34139261248361613,0.3512826048649129,0.35062840651583105,0.3413926124836161,0.3512826048649129
traffic,opt30b,256,1,256,imbps,4,5,l3,aggregate_segmented_l3_across_12_ccds_on_package_0,384.0,105.0,True,1.067017082785808,2,2,22.2669745,22.237166,22.407165,,,,,,,,,,,,,,,,,,,,,,,,,,,,,,,,,,,,,,,,,,,,,,0.7041244111145448,0.7006791800747663,0.7052753619491502,,,,,,,,,,,,,201.18,199.65,204.33,194.82,193.31,195.88,6.36,6.34,8.48,4510086243.407678,4466543578.092673,4598622106.212124,4367506720.055093,4324705930.784346,4408447600.278132,142598591.02061716,141837647.3083273,190534004.45478913,46.66283218233718,45.764446967648325,47.11773070707818,0.26360404280144084,0.2578884443099955,0.26600913825619066,0.26360404280144084,0.2578884443099955,0.26600913825619066
traffic,opt30b,256,1,256,imbps,8,5,l3,aggregate_segmented_l3_across_12_ccds_on_package_0,384.0,54.25,True,1.067017082785808,2,2,29.451925,29.3461705,29.5969745,,,,,,,,,,,,,,,,,,,,,,,,,,,,,,,,,,,,,,,,,,,,,,0.5320885137389152,0.5296038958306363,0.534315147173042,,,,,,,,,,,,,230.75,230.53,231.05,220.78,220.31,221.09,10.04,9.62,10.45,6878555630.763442,6825724710.493513,6898414162.527149,6572808968.448183,6540961833.894582,6586303896.625596,298341802.1632838,284762876.5989314,312409222.09494567,30.59557977008642,30.507503977827707,30.832388710382638,0.17328299299202063,0.1706767550910159,0.1764754198924511,0.1732829929920206,0.1706767550910159,0.17647541989245114
traffic,opt30b,256,1,256,imbps,16,5,l3,aggregate_segmented_l3_across_12_ccds_on_package_0,384.0,28.875,True,1.067017082785808,2,2,36.181809,35.81,36.380032,,,,,,,,,,,,,,,,,,,,,,,,,,,,,,,,,,,,,,,,,,,,,,0.4331190571483034,0.43085924168510903,0.4384315554314437,,,,,,,,,,,,,208.32,207.07,209.29,190.72,190.37,192.58,16.71,16.33,17.61,7592197026.58955,7495408061.4990225,7625296927.121185,6954311589.871549,6897787995.360282,6986025626.549837,606171400.0397123,589833200.287954,644592352.5662637,27.719696520907682,27.59937081997061,28.077643775662693,0.15700911748989516,0.15476716556919823,0.16054051145724169,0.15700911748989513,0.15476716556919823,0.1605405114572417
traffic,opt30b,256,1,256,tpp,1,5,l3,aggregate_segmented_l3_across_12_ccds_on_package_0,384.0,409.5,False,1.067017082785808,2,2,15.674673,15.671031,15.704348499999998,,,,,,,,,,,,,,,,,,,,,,,,,,,,,,,,,,,,,,,,,,,,,,,,,,,,,,,,,,,,,75.11,74.34,75.86,74.03,73.23,74.75,1.1,1.06,1.11,1192044154.9542313,1177398944.534042,1208904711.4683928,1174903858.2247603,1159818734.3049219,1191215755.1049614,17477036.13802537,16818423.33363951,17688956.363431536,176.54832384298751,174.08600984636195,178.74434020941592,,,,,,
traffic,opt30b,384,1,384,imbps,2,5,l3,aggregate_segmented_l3_across_12_ccds_on_package_0,384.0,211.75,True,1.0904290429042904,2,2,24.387344,24.359230500000002,24.469607,,,,,,,,,,,,,,,,,,,,,,,,,,,,,,,,,,,,,,,,,,,,,,0.9525796802160889,0.9419352750536615,0.9644612107849553,,,,,,,,,,,,,143.49,142.22,145.03,136.95,135.85,138.37,6.37,5.99,6.73,3591823971.4630966,3552596985.8021827,3636659144.3629146,3423359442.0328455,3403484835.2963195,3469658179.72486,159931801.4212098,148863630.25501972,168464529.43025047,87.8885209197517,86.80497229038555,88.85896641741334,0.6101893658365883,0.5966923872862474,0.6140544603796014,0.6101893658365883,0.5966923872862474,0.6140544603796014
traffic,opt30b,384,1,384,imbps,4,5,l3,aggregate_segmented_l3_across_12_ccds_on_package_0,384.0,108.5,True,1.0904290429042904,2,2,27.232245,27.083573,27.298067,,,,,,,,,,,,,,,,,,,,,,,,,,,,,,,,,,,,,,,,,,,,,,0.8567594829530063,0.8445289449420201,0.8655896053308968,,,,,,,,,,,,,172.9,169.76,173.39,164.3,162.56,164.82,8.45,7.2,8.62,4737198194.026866,4657371385.734213,4753893944.708939,4505442169.454675,4459839140.34492,4517436524.671363,231009491.8024412,197532245.38929275,236457420.0375759,66.63856636904934,66.40453067055702,67.78074370941206,0.4599378498327569,0.45646092484066286,0.4683946897052223,0.4599378498327569,0.45646092484066286,0.46839468970522224
traffic,opt30b,384,1,384,imbps,8,5,l3,aggregate_segmented_l3_across_12_ccds_on_package_0,384.0,56.875,True,1.0904290429042904,2,2,34.636431,34.513275,34.7601755,,,,,,,,,,,,,,,,,,,,,,,,,,,,,,,,,,,,,,,,,,,,,,0.673361510896894,0.6650890481390549,0.6786077208705482,,,,,,,,,,,,,201.13,200.04,202.98,191.23,190.64,193.1,9.88,9.4,10.22,6973492882.634802,6952304501.335936,7045302811.714957,6641752969.897513,6610098890.222597,6702374484.88599,342205611.1133385,327125353.1724344,355426818.2627857,45.268576532442985,44.807172195790635,45.406540550020466,0.3121219483668033,0.30648841819044376,0.3146439262797409,0.3121219483668033,0.30648841819044376,0.31464392627974097
traffic,opt30b,384,1,384,imbps,16,5,l3,aggregate_segmented_l3_across_12_ccds_on_package_0,384.0,31.0625,True,1.0904290429042904,2,2,40.9920025,40.656354,42.063590500000004,,,,,,,,,,,,,,,,,,,,,,,,,,,,,,,,,,,,,,,,,,,,,,0.5669171908528738,0.5565577432102473,0.5733935418256282,,,,,,,,,,,,,190.87,188.67,194.8,173.4,171.66,174.22,17.54,17.0,20.62,7821346668.8241415,7716565203.12855,8201853347.850459,7105472375.827035,7020859610.796878,7333669487.313106,720460382.4479177,695296594.3350047,868183860.5373535,40.36134819522828,38.488873534752166,40.90940566769434,0.27744158627385085,0.2656493184145215,0.2807937017182824,0.27744158627385085,0.2656493184145215,0.2807937017182824
traffic,opt30b,384,1,384,tpp,1,5,l3,aggregate_segmented_l3_across_12_ccds_on_package_0,384.0,418.25,False,1.0904290429042904,2,2,23.239911,23.048786,23.504549500000003,,,,,,,,,,,,,,,,,,,,,,,,,,,,,,,,,,,,,,,,,,,,,,,,,,,,,,,,,,,,,92.07,91.74,92.44,90.87,90.55,91.28,1.19,1.16,1.21,2178816751.5923357,2158112342.9104605,2194167180.4760427,2150160574.750741,2130118515.9204514,2166633278.168035,27993826.990009245,27533902.308007456,28656176.84159485,144.88602404277128,143.87239908834593,146.2760255706936,,,,,,
traffic,opt30b,512,1,512,imbps,2,5,l3,aggregate_segmented_l3_across_12_ccds_on_package_0,384.0,217.0,True,1.1140583554376657,2,2,30.549796,30.5035515,30.641632,,,,,,,,,,,,,,,,,,,,,,,,,,,,,,,,,,,,,,,,,,,,,,1.2576595015477388,1.2494917046193883,1.26520500013269,,,,,,,,,,,,,119.47,118.43,119.97,113.85,112.91,114.52,5.56,5.45,5.61,3718638872.0288253,3678085917.5473733,3733990221.429726,3543710015.7402005,3506651025.502609,3564659554.502603,172678774.91149348,169641936.5354452,174617594.97850263,113.18840293259251,112.723057653546,114.4363683838766,0.8720529395976356,0.8615529838602303,0.8868839589270502,0.8720529395976357,0.8615529838602304,0.8868839589270502
traffic,opt30b,512,1,512,imbps,4,5,l3,aggregate_segmented_l3_across_12_ccds_on_package_0,384.0,112.0,True,1.1140583554376657,2,2,32.954361,32.939994,33.034707,,,,,,,,,,,,,,,,,,,,,,,,,,,,,,,,,,,,,,,,,,,,,,1.1646363928700807,1.1606361418966098,1.1745110062861577,,,,,,,,,,,,,143.2,142.71,145.64,135.92,135.31,137.72,7.18,7.05,7.92,4785355531.817613,4764398330.855456,4862823252.845725,4537211108.147597,4521693135.546377,4598379692.268012,239186328.37969172,235365484.07631543,264443560.57771316,87.95726716842871,86.55605460504559,88.34416557534672,0.6721726658133832,0.6668656850230074,0.6855363502821282,0.6721726658133832,0.6668656850230074,0.6855363502821282
traffic,opt30b,512,1,512,imbps,8,5,l3,aggregate_segmented_l3_across_12_ccds_on_package_0,384.0,59.5,True,1.1140583554376657,2,2,39.760135000000005,39.745159,39.911818499999995,,,,,,,,,,,,,,,,,,,,,,,,,,,,,,,,,,,,,,,,,,,,,,0.9662476571808811,0.9614397800491101,0.9734112650046259,,,,,,,,,,,,,177.02,175.07,177.79,166.75,164.84,167.56,10.23,10.23,10.39,7153696761.815395,7074179887.750257,7176959236.580432,6738667580.119293,6660808891.853272,6763463556.302115,413495680.27831614,412699679.1557735,420794637.52338684,58.837662403401396,58.646953554183376,59.49902344678113,0.4520149104755332,0.4484656972269194,0.45880871592696343,0.4520149104755332,0.4484656972269195,0.4588087159269634
traffic,opt30b,512,1,512,imbps,16,5,l3,aggregate_segmented_l3_across_12_ccds_on_package_0,384.0,33.25,True,1.1140583554376657,2,2,46.118509,45.999847,46.299163,,,,,,,,,,,,,,,,,,,,,,,,,,,,,,,,,,,,,,,,,,,,,,0.8323172248812044,0.8294509750069078,0.8406818216264482,,,,,,,,,,,,,171.84,170.97,173.21,155.69,154.83,156.17,16.3,16.14,17.03,8059035235.57441,7964891918.244166,8085779671.016682,7287773144.903056,7212985995.798938,7322319512.794487,765019740.6564883,751905922.4452293,794993521.1443572,52.22793829589203,52.0551897446244,52.84526134546562,0.40238686950270397,0.3978076716851995,0.4059788424692057,0.40238686950270397,0.39780767168519954,0.4059788424692057
traffic,opt30b,512,1,512,tpp,1,5,l3,aggregate_segmented_l3_across_12_ccds_on_package_0,384.0,427.0,False,1.1140583554376657,2,2,38.410588,38.286465,38.688385499999995,,,,,,,,,,,,,,,,,,,,,,,,,,,,,,,,,,,,,,,,,,,,,,,,,,,,,,,,,,,,,83.47,82.0,84.39,82.51,80.99,83.42,0.98,0.95,1.03,3233577601.361098,3216585184.6866646,3273358787.903352,3195649342.2427983,3176966269.606987,3235733974.2492895,37928259.118298925,36907960.484869234,40099219.565628126,130.16752553915182,128.5855973269581,130.8551680868982,,,,,,
traffic,opt30b,1024,1,1024,imbps,2,5,l3,aggregate_segmented_l3_across_12_ccds_on_package_0,384.0,238.0,True,1.2108108108108109,2,2,56.808417,56.693188,56.878323,,,,,,,,,,,,,,,,,,,,,,,,,,,,,,,,,,,,,,,,,,,,,,1.4053244874295292,1.4004875636013387,1.4211144441284749,,,,,,,,,,,,,90.45,89.79,91.04,85.5,84.86,86.08,4.95,4.93,4.99,5212685105.813811,5171542084.367809,5251771170.357564,4927413781.615046,4887593955.668251,4965646554.7493305,285271324.1987658,283948128.69955784,287369876.0497507,161.49327514088824,160.29136889425547,162.7780604474974,1.593065721226154,1.567682216731694,1.6308557015830056,1.5930657212261543,1.5676822167316937,1.6308557015830056
traffic,opt30b,1024,1,1024,imbps,4,5,l3,aggregate_segmented_l3_across_12_ccds_on_package_0,384.0,126.0,True,1.2108108108108109,2,2,58.885131,58.480232,59.091539499999996,,,,,,,,,,,,,,,,,,,,,,,,,,,,,,,,,,,,,,,,,,,,,,1.3621249655781118,1.3513644386729817,1.3655926919961194,,,,,,,,,,,,,93.08,91.89,96.52,86.37,84.9,90.19,6.69,6.33,6.99,5543991579.480305,5440439311.861307,5747342213.6200485,5144333398.363922,5026589374.001795,5370418506.489765,398950415.0844005,376923707.1302829,413849937.8595118,151.8425087678275,146.47006541929426,154.73264965582257,1.5090962003237145,1.4192608000524605,1.5588033170510054,1.5090962003237145,1.4192608000524605,1.5588033170510056
traffic,opt30b,1024,1,1024,imbps,8,5,l3,aggregate_segmented_l3_across_12_ccds_on_package_0,384.0,70.0,True,1.2108108108108109,2,2,63.415772,63.298231,63.51404,,,,,,,,,,,,,,,,,,,,,,,,,,,,,,,,,,,,,,,,,,,,,,1.2581945371290473,1.2528768757270046,1.2748377517848801,,,,,,,,,,,,,121.68,120.59,124.21,112.1,111.14,114.55,9.66,8.97,9.91,7783431632.102561,7711403137.79681,7958732011.688768,7170633513.795999,7107031505.401394,7339769357.853221,618962653.8355486,573607149.3990993,637369885.9607663,108.15455570316334,105.77232513667401,109.16477520023817,1.0749007664836843,1.0249091810476523,1.089564532056939,1.0749007664836843,1.0249091810476523,1.089564532056939
traffic,opt30b,1024,1,1024,imbps,16,5,l3,aggregate_segmented_l3_across_12_ccds_on_package_0,384.0,42.0,True,1.2108108108108109,2,2,70.022297,70.007188,70.17679,,,,,,,,,,,,,,,,,,,,,,,,,,,,,,,,,,,,,,,,,,,,,,1.1395099895777634,1.1350958628914203,1.152666987567048,,,,,,,,,,,,,121.59,120.49,122.55,107.39,106.79,108.02,14.23,13.7,14.53,8607597392.303688,8521595739.794232,8683713426.296377,7606541662.650891,7552670006.246378,7654138917.246305,1008206854.1311678,968925733.5478545,1029574509.0500724,97.79890388097041,96.94165948254184,98.78591002444419,0.9766069455796261,0.9476485872319107,0.9817898997661695,0.9766069455796262,0.9476485872319107,0.9817898997661695
traffic,opt30b,1024,1,1024,tpp,1,5,l3,aggregate_segmented_l3_across_12_ccds_on_package_0,384.0,462.0,False,1.2108108108108109,2,2,79.898369,79.575272,80.6949745,,,,,,,,,,,,,,,,,,,,,,,,,,,,,,,,,,,,,,,,,,,,,,,,,,,,,,,,,,,,,103.9,101.72,105.09,102.79,100.61,104.14,0.99,0.83,1.11,8366416627.220396,8156977508.277669,8480574845.544095,8277035275.380023,8067966054.93331,8403104564.340153,80355737.0656598,66688123.104145885,89381351.84037188,100.61817711505465,99.26374159156319,103.20165639315921,,,,,,
