run_id,timestamp_utc,hostname,variant,model_name_or_path,model_mode,layer_index,input_source,batch_size,sequence_length,rows,hidden_size,intermediate_size,activation_function,fc1_bias,fc2_bias,dtype,threads,weight_layout,accumulation_dtype,split_k,iteration,latency_ns,latency_ms,rows_per_second,checksum,packing_ms,canonical_parameter_bytes,packed_parameter_bytes,workspace_bytes,logical_activation_bytes,logical_output_bytes,max_abs_error,max_rel_error,allclose
20260919T121421Z-hf-opt-layer,2026-09-19T12:14:23.222926+00:00,mn01,imbps,facebook/opt-125m,pretrained,0,random,1,8192,8192,768,3072,relu,True,True,bf16,8,prepacked,input,1,0,46941589,46.941589,174514.75705264258,0.0081787109375,3.982473,9444864,9444864,62914560,50331648,12582912,0.0078125,832.78125,True
20260919T121421Z-hf-opt-layer,2026-09-19T12:14:23.280657+00:00,mn01,reference,facebook/opt-125m,pretrained,0,random,1,8192,8192,768,3072,relu,True,True,bf16,8,native_linear,native,1,0,57576816,57.576816,142279.48971683325,0.0081787109375,0.0,9444864,0,0,50331648,12582912,0.0078125,832.78125,True
20260919T121421Z-hf-opt-layer,2026-09-19T12:14:23.328319+00:00,mn01,imbps,facebook/opt-125m,pretrained,0,random,1,8192,8192,768,3072,relu,True,True,bf16,8,prepacked,input,1,1,47501094,47.501094,172459.18588738187,0.0081787109375,3.982473,9444864,9444864,62914560,50331648,12582912,0.0078125,832.78125,True
20260919T121421Z-hf-opt-layer,2026-09-19T12:14:23.386136+00:00,mn01,reference,facebook/opt-125m,pretrained,0,random,1,8192,8192,768,3072,relu,True,True,bf16,8,native_linear,native,1,1,57687704,57.687704,142005.99836665366,0.0081787109375,0.0,9444864,0,0,50331648,12582912,0.0078125,832.78125,True
20260919T121421Z-hf-opt-layer,2026-09-19T12:14:23.444087+00:00,mn01,reference,facebook/opt-125m,pretrained,0,random,1,8192,8192,768,3072,relu,True,True,bf16,8,native_linear,native,1,2,57789426,57.789426,141756.03682237648,0.0081787109375,0.0,9444864,0,0,50331648,12582912,0.0078125,832.78125,True
20260919T121421Z-hf-opt-layer,2026-09-19T12:14:23.491772+00:00,mn01,imbps,facebook/opt-125m,pretrained,0,random,1,8192,8192,768,3072,relu,True,True,bf16,8,prepacked,input,1,2,47541695,47.541695,172311.90431893518,0.0081787109375,3.982473,9444864,9444864,62914560,50331648,12582912,0.0078125,832.78125,True
20260919T121421Z-hf-opt-layer,2026-09-19T12:14:23.538871+00:00,mn01,imbps,facebook/opt-125m,pretrained,0,random,1,8192,8192,768,3072,relu,True,True,bf16,8,prepacked,input,1,3,46970864,46.970864,174405.98921067323,0.0081787109375,3.982473,9444864,9444864,62914560,50331648,12582912,0.0078125,832.78125,True
20260919T121421Z-hf-opt-layer,2026-09-19T12:14:23.596553+00:00,mn01,reference,facebook/opt-125m,pretrained,0,random,1,8192,8192,768,3072,relu,True,True,bf16,8,native_linear,native,1,3,57565268,57.565268,142308.03198901116,0.0081787109375,0.0,9444864,0,0,50331648,12582912,0.0078125,832.78125,True
20260919T121421Z-hf-opt-layer,2026-09-19T12:14:23.644183+00:00,mn01,imbps,facebook/opt-125m,pretrained,0,random,1,8192,8192,768,3072,relu,True,True,bf16,8,prepacked,input,1,4,47482886,47.482886,172525.31785873335,0.0081787109375,3.982473,9444864,9444864,62914560,50331648,12582912,0.0078125,832.78125,True
20260919T121421Z-hf-opt-layer,2026-09-19T12:14:23.701880+00:00,mn01,reference,facebook/opt-125m,pretrained,0,random,1,8192,8192,768,3072,relu,True,True,bf16,8,native_linear,native,1,4,57583105,57.583105,142263.95051117858,0.0081787109375,0.0,9444864,0,0,50331648,12582912,0.0078125,832.78125,True
20260919T121421Z-hf-opt-layer,2026-09-19T12:14:23.749510+00:00,mn01,imbps,facebook/opt-125m,pretrained,0,random,1,8192,8192,768,3072,relu,True,True,bf16,8,prepacked,input,1,5,47488985,47.488985,172503.16046973842,0.0081787109375,3.982473,9444864,9444864,62914560,50331648,12582912,0.0078125,832.78125,True
20260919T121421Z-hf-opt-layer,2026-09-19T12:14:23.807220+00:00,mn01,reference,facebook/opt-125m,pretrained,0,random,1,8192,8192,768,3072,relu,True,True,bf16,8,native_linear,native,1,5,57588573,57.588573,142250.4426355555,0.0081787109375,0.0,9444864,0,0,50331648,12582912,0.0078125,832.78125,True
20260919T121421Z-hf-opt-layer,2026-09-19T12:14:23.864869+00:00,mn01,reference,facebook/opt-125m,pretrained,0,random,1,8192,8192,768,3072,relu,True,True,bf16,8,native_linear,native,1,6,57501402,57.501402,142466.0915224293,0.0081787109375,0.0,9444864,0,0,50331648,12582912,0.0078125,832.78125,True
20260919T121421Z-hf-opt-layer,2026-09-19T12:14:23.912489+00:00,mn01,imbps,facebook/opt-125m,pretrained,0,random,1,8192,8192,768,3072,relu,True,True,bf16,8,prepacked,input,1,6,47482976,47.482976,172524.990851458,0.0081787109375,3.982473,9444864,9444864,62914560,50331648,12582912,0.0078125,832.78125,True
20260919T121421Z-hf-opt-layer,2026-09-19T12:14:23.970339+00:00,mn01,reference,facebook/opt-125m,pretrained,0,random,1,8192,8192,768,3072,relu,True,True,bf16,8,native_linear,native,1,7,57720132,57.720132,141926.21735515087,0.0081787109375,0.0,9444864,0,0,50331648,12582912,0.0078125,832.78125,True
20260919T121421Z-hf-opt-layer,2026-09-19T12:14:24.017956+00:00,mn01,imbps,facebook/opt-125m,pretrained,0,random,1,8192,8192,768,3072,relu,True,True,bf16,8,prepacked,input,1,7,47486191,47.486191,172513.31023791738,0.0081787109375,3.982473,9444864,9444864,62914560,50331648,12582912,0.0078125,832.78125,True
20260919T121421Z-hf-opt-layer,2026-09-19T12:14:24.064995+00:00,mn01,imbps,facebook/opt-125m,pretrained,0,random,1,8192,8192,768,3072,relu,True,True,bf16,8,prepacked,input,1,8,46910232,46.910232,174631.41090412854,0.0081787109375,3.982473,9444864,9444864,62914560,50331648,12582912,0.0078125,832.78125,True
20260919T121421Z-hf-opt-layer,2026-09-19T12:14:24.122766+00:00,mn01,reference,facebook/opt-125m,pretrained,0,random,1,8192,8192,768,3072,relu,True,True,bf16,8,native_linear,native,1,8,57656707,57.656707,142082.34264922552,0.0081787109375,0.0,9444864,0,0,50331648,12582912,0.0078125,832.78125,True
20260919T121421Z-hf-opt-layer,2026-09-19T12:14:24.180407+00:00,mn01,reference,facebook/opt-125m,pretrained,0,random,1,8192,8192,768,3072,relu,True,True,bf16,8,native_linear,native,1,9,57496614,57.496614,142477.95531055098,0.0081787109375,0.0,9444864,0,0,50331648,12582912,0.0078125,832.78125,True
20260919T121421Z-hf-opt-layer,2026-09-19T12:14:24.228064+00:00,mn01,imbps,facebook/opt-125m,pretrained,0,random,1,8192,8192,768,3072,relu,True,True,bf16,8,prepacked,input,1,9,47528646,47.528646,172359.21258939293,0.0081787109375,3.982473,9444864,9444864,62914560,50331648,12582912,0.0078125,832.78125,True
20260919T121421Z-hf-opt-layer,2026-09-19T12:14:24.285907+00:00,mn01,reference,facebook/opt-125m,pretrained,0,random,1,8192,8192,768,3072,relu,True,True,bf16,8,native_linear,native,1,10,57710447,57.710447,141950.03549357364,0.0081787109375,0.0,9444864,0,0,50331648,12582912,0.0078125,832.78125,True
20260919T121421Z-hf-opt-layer,2026-09-19T12:14:24.333526+00:00,mn01,imbps,facebook/opt-125m,pretrained,0,random,1,8192,8192,768,3072,relu,True,True,bf16,8,prepacked,input,1,10,47487924,47.487924,172507.01462544457,0.0081787109375,3.982473,9444864,9444864,62914560,50331648,12582912,0.0078125,832.78125,True
20260919T121421Z-hf-opt-layer,2026-09-19T12:14:24.380535+00:00,mn01,imbps,facebook/opt-125m,pretrained,0,random,1,8192,8192,768,3072,relu,True,True,bf16,8,prepacked,input,1,11,46888258,46.888258,174713.2512365889,0.0081787109375,3.982473,9444864,9444864,62914560,50331648,12582912,0.0078125,832.78125,True
20260919T121421Z-hf-opt-layer,2026-09-19T12:14:24.438314+00:00,mn01,reference,facebook/opt-125m,pretrained,0,random,1,8192,8192,768,3072,relu,True,True,bf16,8,native_linear,native,1,11,57653131,57.653131,142091.1554656069,0.0081787109375,0.0,9444864,0,0,50331648,12582912,0.0078125,832.78125,True
20260919T121421Z-hf-opt-layer,2026-09-19T12:14:24.495876+00:00,mn01,reference,facebook/opt-125m,pretrained,0,random,1,8192,8192,768,3072,relu,True,True,bf16,8,native_linear,native,1,12,57411666,57.411666,142688.76990958597,0.0081787109375,0.0,9444864,0,0,50331648,12582912,0.0078125,832.78125,True
20260919T121421Z-hf-opt-layer,2026-09-19T12:14:24.543468+00:00,mn01,imbps,facebook/opt-125m,pretrained,0,random,1,8192,8192,768,3072,relu,True,True,bf16,8,prepacked,input,1,12,47461013,47.461013,172604.8283040229,0.0081787109375,3.982473,9444864,9444864,62914560,50331648,12582912,0.0078125,832.78125,True
20260919T121421Z-hf-opt-layer,2026-09-19T12:14:24.601160+00:00,mn01,reference,facebook/opt-125m,pretrained,0,random,1,8192,8192,768,3072,relu,True,True,bf16,8,native_linear,native,1,13,57562945,57.562945,142313.77494671269,0.0081787109375,0.0,9444864,0,0,50331648,12582912,0.0078125,832.78125,True
20260919T121421Z-hf-opt-layer,2026-09-19T12:14:24.648768+00:00,mn01,imbps,facebook/opt-125m,pretrained,0,random,1,8192,8192,768,3072,relu,True,True,bf16,8,prepacked,input,1,13,47471950,47.47195,172565.06210509574,0.0081787109375,3.982473,9444864,9444864,62914560,50331648,12582912,0.0078125,832.78125,True
20260919T121421Z-hf-opt-layer,2026-09-19T12:14:24.695770+00:00,mn01,imbps,facebook/opt-125m,pretrained,0,random,1,8192,8192,768,3072,relu,True,True,bf16,8,prepacked,input,1,14,46881709,46.881709,174737.6572812224,0.0081787109375,3.982473,9444864,9444864,62914560,50331648,12582912,0.0078125,832.78125,True
20260919T121421Z-hf-opt-layer,2026-09-19T12:14:24.753398+00:00,mn01,reference,facebook/opt-125m,pretrained,0,random,1,8192,8192,768,3072,relu,True,True,bf16,8,native_linear,native,1,14,57515373,57.515373,142431.48523091382,0.0081787109375,0.0,9444864,0,0,50331648,12582912,0.0078125,832.78125,True
20260919T121421Z-hf-opt-layer,2026-09-19T12:14:24.810983+00:00,mn01,reference,facebook/opt-125m,pretrained,0,random,1,8192,8192,768,3072,relu,True,True,bf16,8,native_linear,native,1,15,57436865,57.436865,142626.16875067956,0.0081787109375,0.0,9444864,0,0,50331648,12582912,0.0078125,832.78125,True
20260919T121421Z-hf-opt-layer,2026-09-19T12:14:24.858630+00:00,mn01,imbps,facebook/opt-125m,pretrained,0,random,1,8192,8192,768,3072,relu,True,True,bf16,8,prepacked,input,1,15,47512912,47.512912,172416.2897024708,0.0081787109375,3.982473,9444864,9444864,62914560,50331648,12582912,0.0078125,832.78125,True
20260919T121421Z-hf-opt-layer,2026-09-19T12:14:24.916453+00:00,mn01,reference,facebook/opt-125m,pretrained,0,random,1,8192,8192,768,3072,relu,True,True,bf16,8,native_linear,native,1,16,57694473,57.694473,141989.33752285075,0.0081787109375,0.0,9444864,0,0,50331648,12582912,0.0078125,832.78125,True
20260919T121421Z-hf-opt-layer,2026-09-19T12:14:24.964092+00:00,mn01,imbps,facebook/opt-125m,pretrained,0,random,1,8192,8192,768,3072,relu,True,True,bf16,8,prepacked,input,1,16,47509517,47.509517,172428.6104613524,0.0081787109375,3.982473,9444864,9444864,62914560,50331648,12582912,0.0078125,832.78125,True
20260919T121421Z-hf-opt-layer,2026-09-19T12:14:25.011338+00:00,mn01,imbps,facebook/opt-125m,pretrained,0,random,1,8192,8192,768,3072,relu,True,True,bf16,8,prepacked,input,1,17,47122232,47.122232,173845.75501432104,0.0081787109375,3.982473,9444864,9444864,62914560,50331648,12582912,0.0078125,832.78125,True
20260919T121421Z-hf-opt-layer,2026-09-19T12:14:25.069095+00:00,mn01,reference,facebook/opt-125m,pretrained,0,random,1,8192,8192,768,3072,relu,True,True,bf16,8,native_linear,native,1,17,57642024,57.642024,142118.53490779575,0.0081787109375,0.0,9444864,0,0,50331648,12582912,0.0078125,832.78125,True
20260919T121421Z-hf-opt-layer,2026-09-19T12:14:25.116750+00:00,mn01,imbps,facebook/opt-125m,pretrained,0,random,1,8192,8192,768,3072,relu,True,True,bf16,8,prepacked,input,1,18,47508335,47.508335,172432.9004584143,0.0081787109375,3.982473,9444864,9444864,62914560,50331648,12582912,0.0078125,832.78125,True
20260919T121421Z-hf-opt-layer,2026-09-19T12:14:25.174575+00:00,mn01,reference,facebook/opt-125m,pretrained,0,random,1,8192,8192,768,3072,relu,True,True,bf16,8,native_linear,native,1,18,57709516,57.709516,141952.32550555439,0.0081787109375,0.0,9444864,0,0,50331648,12582912,0.0078125,832.78125,True
20260919T121421Z-hf-opt-layer,2026-09-19T12:14:25.222286+00:00,mn01,imbps,facebook/opt-125m,pretrained,0,random,1,8192,8192,768,3072,relu,True,True,bf16,8,prepacked,input,1,19,47562056,47.562056,172238.13873815717,0.0081787109375,3.982473,9444864,9444864,62914560,50331648,12582912,0.0078125,832.78125,True
20260919T121421Z-hf-opt-layer,2026-09-19T12:14:25.280116+00:00,mn01,reference,facebook/opt-125m,pretrained,0,random,1,8192,8192,768,3072,relu,True,True,bf16,8,native_linear,native,1,19,57701043,57.701043,141973.17022501657,0.0081787109375,0.0,9444864,0,0,50331648,12582912,0.0078125,832.78125,True
20260919T121421Z-hf-opt-layer,2026-09-19T12:14:26.085553+00:00,mn01,reference,facebook/opt-125m,pretrained,0,random,1,8192,8192,768,3072,relu,True,True,bf16,8,native_linear,native,2,0,57497276,57.497276,142476.31487794308,0.0081787109375,0.0,9444864,0,0,50331648,12582912,0.0078125,856.78125,True
20260919T121421Z-hf-opt-layer,2026-09-19T12:14:26.132206+00:00,mn01,imbps,facebook/opt-125m,pretrained,0,random,1,8192,8192,768,3072,relu,True,True,bf16,8,prepacked,input,2,0,46516167,46.516167,176110.8132576788,0.0081787109375,1.88781,9444864,9444864,37748736,25165824,12582912,0.0078125,856.78125,True
20260919T121421Z-hf-opt-layer,2026-09-19T12:14:26.189977+00:00,mn01,reference,facebook/opt-125m,pretrained,0,random,1,8192,8192,768,3072,relu,True,True,bf16,8,native_linear,native,2,1,57643777,57.643777,142114.2129531172,0.0081787109375,0.0,9444864,0,0,50331648,12582912,0.0078125,856.78125,True
20260919T121421Z-hf-opt-layer,2026-09-19T12:14:26.236248+00:00,mn01,imbps,facebook/opt-125m,pretrained,0,random,1,8192,8192,768,3072,relu,True,True,bf16,8,prepacked,input,2,1,46136865,46.136865,177558.66160390395,0.0081787109375,1.88781,9444864,9444864,37748736,25165824,12582912,0.0078125,856.78125,True
20260919T121421Z-hf-opt-layer,2026-09-19T12:14:26.282099+00:00,mn01,imbps,facebook/opt-125m,pretrained,0,random,1,8192,8192,768,3072,relu,True,True,bf16,8,prepacked,input,2,2,45725504,45.725504,179156.03510898424,0.0081787109375,1.88781,9444864,9444864,37748736,25165824,12582912,0.0078125,856.78125,True
20260919T121421Z-hf-opt-layer,2026-09-19T12:14:26.339873+00:00,mn01,reference,facebook/opt-125m,pretrained,0,random,1,8192,8192,768,3072,relu,True,True,bf16,8,native_linear,native,2,2,57658378,57.658378,142078.2249545764,0.0081787109375,0.0,9444864,0,0,50331648,12582912,0.0078125,856.78125,True
20260919T121421Z-hf-opt-layer,2026-09-19T12:14:26.386136+00:00,mn01,imbps,facebook/opt-125m,pretrained,0,random,1,8192,8192,768,3072,relu,True,True,bf16,8,prepacked,input,2,3,46117486,46.117486,177633.27341824313,0.0081787109375,1.88781,9444864,9444864,37748736,25165824,12582912,0.0078125,856.78125,True
20260919T121421Z-hf-opt-layer,2026-09-19T12:14:26.443922+00:00,mn01,reference,facebook/opt-125m,pretrained,0,random,1,8192,8192,768,3072,relu,True,True,bf16,8,native_linear,native,2,3,57667483,57.667483,142055.79251655564,0.0081787109375,0.0,9444864,0,0,50331648,12582912,0.0078125,856.78125,True
20260919T121421Z-hf-opt-layer,2026-09-19T12:14:26.501601+00:00,mn01,reference,facebook/opt-125m,pretrained,0,random,1,8192,8192,768,3072,relu,True,True,bf16,8,native_linear,native,2,4,57528813,57.528813,142398.21009343615,0.0081787109375,0.0,9444864,0,0,50331648,12582912,0.0078125,856.78125,True
20260919T121421Z-hf-opt-layer,2026-09-19T12:14:26.548340+00:00,mn01,imbps,facebook/opt-125m,pretrained,0,random,1,8192,8192,768,3072,relu,True,True,bf16,8,prepacked,input,2,4,46596929,46.596929,175805.5772302076,0.0081787109375,1.88781,9444864,9444864,37748736,25165824,12582912,0.0078125,856.78125,True
20260919T121421Z-hf-opt-layer,2026-09-19T12:14:26.606124+00:00,mn01,reference,facebook/opt-125m,pretrained,0,random,1,8192,8192,768,3072,relu,True,True,bf16,8,native_linear,native,2,5,57657868,57.657868,142079.48167629092,0.0081787109375,0.0,9444864,0,0,50331648,12582912,0.0078125,856.78125,True
20260919T121421Z-hf-opt-layer,2026-09-19T12:14:26.652652+00:00,mn01,imbps,facebook/opt-125m,pretrained,0,random,1,8192,8192,768,3072,relu,True,True,bf16,8,prepacked,input,2,5,46397087,46.397087,176562.8087815082,0.0081787109375,1.88781,9444864,9444864,37748736,25165824,12582912,0.0078125,856.78125,True
20260919T121421Z-hf-opt-layer,2026-09-19T12:14:26.710566+00:00,mn01,reference,facebook/opt-125m,pretrained,0,random,1,8192,8192,768,3072,relu,True,True,bf16,8,native_linear,native,2,6,57786432,57.786432,141763.3814110551,0.0081787109375,0.0,9444864,0,0,50331648,12582912,0.0078125,856.78125,True
20260919T121421Z-hf-opt-layer,2026-09-19T12:14:26.757227+00:00,mn01,imbps,facebook/opt-125m,pretrained,0,random,1,8192,8192,768,3072,relu,True,True,bf16,8,prepacked,input,2,6,46519101,46.519101,176099.70579612016,0.0081787109375,1.88781,9444864,9444864,37748736,25165824,12582912,0.0078125,856.78125,True
20260919T121421Z-hf-opt-layer,2026-09-19T12:14:26.814973+00:00,mn01,reference,facebook/opt-125m,pretrained,0,random,1,8192,8192,768,3072,relu,True,True,bf16,8,native_linear,native,2,7,57621994,57.621994,142167.9367777519,0.0081787109375,0.0,9444864,0,0,50331648,12582912,0.0078125,856.78125,True
20260919T121421Z-hf-opt-layer,2026-09-19T12:14:26.861482+00:00,mn01,imbps,facebook/opt-125m,pretrained,0,random,1,8192,8192,768,3072,relu,True,True,bf16,8,prepacked,input,2,7,46379511,46.379511,176629.71910160934,0.0081787109375,1.88781,9444864,9444864,37748736,25165824,12582912,0.0078125,856.78125,True
20260919T121421Z-hf-opt-layer,2026-09-19T12:14:26.907292+00:00,mn01,imbps,facebook/opt-125m,pretrained,0,random,1,8192,8192,768,3072,relu,True,True,bf16,8,prepacked,input,2,8,45688939,45.688939,179299.41424115803,0.0081787109375,1.88781,9444864,9444864,37748736,25165824,12582912,0.0078125,856.78125,True
20260919T121421Z-hf-opt-layer,2026-09-19T12:14:26.965081+00:00,mn01,reference,facebook/opt-125m,pretrained,0,random,1,8192,8192,768,3072,relu,True,True,bf16,8,native_linear,native,2,8,57676036,57.676036,142034.72651969356,0.0081787109375,0.0,9444864,0,0,50331648,12582912,0.0078125,856.78125,True
20260919T121421Z-hf-opt-layer,2026-09-19T12:14:27.011297+00:00,mn01,imbps,facebook/opt-125m,pretrained,0,random,1,8192,8192,768,3072,relu,True,True,bf16,8,prepacked,input,2,9,46068361,46.068361,177822.69267187518,0.0081787109375,1.88781,9444864,9444864,37748736,25165824,12582912,0.0078125,856.78125,True
20260919T121421Z-hf-opt-layer,2026-09-19T12:14:27.069141+00:00,mn01,reference,facebook/opt-125m,pretrained,0,random,1,8192,8192,768,3072,relu,True,True,bf16,8,native_linear,native,2,9,57726922,57.726922,141909.52360148355,0.0081787109375,0.0,9444864,0,0,50331648,12582912,0.0078125,856.78125,True
20260919T121421Z-hf-opt-layer,2026-09-19T12:14:27.115676+00:00,mn01,imbps,facebook/opt-125m,pretrained,0,random,1,8192,8192,768,3072,relu,True,True,bf16,8,prepacked,input,2,10,46386972,46.386972,176601.30952285483,0.0081787109375,1.88781,9444864,9444864,37748736,25165824,12582912,0.0078125,856.78125,True
20260919T121421Z-hf-opt-layer,2026-09-19T12:14:27.173525+00:00,mn01,reference,facebook/opt-125m,pretrained,0,random,1,8192,8192,768,3072,relu,True,True,bf16,8,native_linear,native,2,10,57734944,57.734944,141889.8059379775,0.0081787109375,0.0,9444864,0,0,50331648,12582912,0.0078125,856.78125,True
20260919T121421Z-hf-opt-layer,2026-09-19T12:14:27.231289+00:00,mn01,reference,facebook/opt-125m,pretrained,0,random,1,8192,8192,768,3072,relu,True,True,bf16,8,native_linear,native,2,11,57614613,57.614613,142186.1498922157,0.0081787109375,0.0,9444864,0,0,50331648,12582912,0.0078125,856.78125,True
20260919T121421Z-hf-opt-layer,2026-09-19T12:14:27.278029+00:00,mn01,imbps,facebook/opt-125m,pretrained,0,random,1,8192,8192,768,3072,relu,True,True,bf16,8,prepacked,input,2,11,46608226,46.608226,175762.96510405693,0.0081787109375,1.88781,9444864,9444864,37748736,25165824,12582912,0.0078125,856.78125,True
20260919T121421Z-hf-opt-layer,2026-09-19T12:14:27.323844+00:00,mn01,imbps,facebook/opt-125m,pretrained,0,random,1,8192,8192,768,3072,relu,True,True,bf16,8,prepacked,input,2,12,45691292,45.691292,179290.18071977477,0.0081787109375,1.88781,9444864,9444864,37748736,25165824,12582912,0.0078125,856.78125,True
20260919T121421Z-hf-opt-layer,2026-09-19T12:14:27.381730+00:00,mn01,reference,facebook/opt-125m,pretrained,0,random,1,8192,8192,768,3072,relu,True,True,bf16,8,native_linear,native,2,12,57772792,57.772792,141796.85136214292,0.0081787109375,0.0,9444864,0,0,50331648,12582912,0.0078125,856.78125,True
20260919T121421Z-hf-opt-layer,2026-09-19T12:14:27.439345+00:00,mn01,reference,facebook/opt-125m,pretrained,0,random,1,8192,8192,768,3072,relu,True,True,bf16,8,native_linear,native,2,13,57459188,57.459188,142570.75822234034,0.0081787109375,0.0,9444864,0,0,50331648,12582912,0.0078125,856.78125,True
20260919T121421Z-hf-opt-layer,2026-09-19T12:14:27.486079+00:00,mn01,imbps,facebook/opt-125m,pretrained,0,random,1,8192,8192,768,3072,relu,True,True,bf16,8,prepacked,input,2,13,46600384,46.600384,175792.54282539818,0.0081787109375,1.88781,9444864,9444864,37748736,25165824,12582912,0.0078125,856.78125,True
20260919T121421Z-hf-opt-layer,2026-09-19T12:14:27.531874+00:00,mn01,imbps,facebook/opt-125m,pretrained,0,random,1,8192,8192,768,3072,relu,True,True,bf16,8,prepacked,input,2,14,45671111,45.671111,179369.40487390375,0.0081787109375,1.88781,9444864,9444864,37748736,25165824,12582912,0.0078125,856.78125,True
20260919T121421Z-hf-opt-layer,2026-09-19T12:14:27.589788+00:00,mn01,reference,facebook/opt-125m,pretrained,0,random,1,8192,8192,768,3072,relu,True,True,bf16,8,native_linear,native,2,14,57798541,57.798541,141733.68147822277,0.0081787109375,0.0,9444864,0,0,50331648,12582912,0.0078125,856.78125,True
20260919T121421Z-hf-opt-layer,2026-09-19T12:14:27.636179+00:00,mn01,imbps,facebook/opt-125m,pretrained,0,random,1,8192,8192,768,3072,relu,True,True,bf16,8,prepacked,input,2,15,46242023,46.242023,177154.87923181907,0.0081787109375,1.88781,9444864,9444864,37748736,25165824,12582912,0.0078125,856.78125,True
20260919T121421Z-hf-opt-layer,2026-09-19T12:14:27.693971+00:00,mn01,reference,facebook/opt-125m,pretrained,0,random,1,8192,8192,768,3072,relu,True,True,bf16,8,native_linear,native,2,15,57679772,57.679772,142025.52673058418,0.0081787109375,0.0,9444864,0,0,50331648,12582912,0.0078125,856.78125,True
20260919T121421Z-hf-opt-layer,2026-09-19T12:14:27.740514+00:00,mn01,imbps,facebook/opt-125m,pretrained,0,random,1,8192,8192,768,3072,relu,True,True,bf16,8,prepacked,input,2,16,46391970,46.39197,176582.28352880897,0.0081787109375,1.88781,9444864,9444864,37748736,25165824,12582912,0.0078125,856.78125,True
20260919T121421Z-hf-opt-layer,2026-09-19T12:14:27.798264+00:00,mn01,reference,facebook/opt-125m,pretrained,0,random,1,8192,8192,768,3072,relu,True,True,bf16,8,native_linear,native,2,16,57628664,57.628664,142151.4821166078,0.0081787109375,0.0,9444864,0,0,50331648,12582912,0.0078125,856.78125,True
20260919T121421Z-hf-opt-layer,2026-09-19T12:14:27.844933+00:00,mn01,imbps,facebook/opt-125m,pretrained,0,random,1,8192,8192,768,3072,relu,True,True,bf16,8,prepacked,input,2,17,46512522,46.512522,176124.61435653822,0.0081787109375,1.88781,9444864,9444864,37748736,25165824,12582912,0.0078125,856.78125,True
20260919T121421Z-hf-opt-layer,2026-09-19T12:14:27.902680+00:00,mn01,reference,facebook/opt-125m,pretrained,0,random,1,8192,8192,768,3072,relu,True,True,bf16,8,native_linear,native,2,17,57630798,57.630798,142146.21841606288,0.0081787109375,0.0,9444864,0,0,50331648,12582912,0.0078125,856.78125,True
20260919T121421Z-hf-opt-layer,2026-09-19T12:14:27.948967+00:00,mn01,imbps,facebook/opt-125m,pretrained,0,random,1,8192,8192,768,3072,relu,True,True,bf16,8,prepacked,input,2,18,46139999,46.139999,177546.6011605245,0.0081787109375,1.88781,9444864,9444864,37748736,25165824,12582912,0.0078125,856.78125,True
20260919T121421Z-hf-opt-layer,2026-09-19T12:14:28.006834+00:00,mn01,reference,facebook/opt-125m,pretrained,0,random,1,8192,8192,768,3072,relu,True,True,bf16,8,native_linear,native,2,18,57752341,57.752341,141847.06382724814,0.0081787109375,0.0,9444864,0,0,50331648,12582912,0.0078125,856.78125,True
20260919T121421Z-hf-opt-layer,2026-09-19T12:14:28.053524+00:00,mn01,imbps,facebook/opt-125m,pretrained,0,random,1,8192,8192,768,3072,relu,True,True,bf16,8,prepacked,input,2,19,46538400,46.5384,176026.67904354254,0.0081787109375,1.88781,9444864,9444864,37748736,25165824,12582912,0.0078125,856.78125,True
20260919T121421Z-hf-opt-layer,2026-09-19T12:14:28.111260+00:00,mn01,reference,facebook/opt-125m,pretrained,0,random,1,8192,8192,768,3072,relu,True,True,bf16,8,native_linear,native,2,19,57620892,57.620892,142170.65574062962,0.0081787109375,0.0,9444864,0,0,50331648,12582912,0.0078125,856.78125,True
20260919T121421Z-hf-opt-layer,2026-09-19T12:14:28.892336+00:00,mn01,imbps,facebook/opt-125m,pretrained,0,random,1,8192,8192,768,3072,relu,True,True,bf16,8,prepacked,input,4,0,45983773,45.983773,178149.80080038236,0.0081787109375,2.202695,9444864,9444864,25165824,12582912,12582912,0.0078125,864.78125,True
20260919T121421Z-hf-opt-layer,2026-09-19T12:14:28.949981+00:00,mn01,reference,facebook/opt-125m,pretrained,0,random,1,8192,8192,768,3072,relu,True,True,bf16,8,native_linear,native,4,0,57526880,57.52688,142402.99491298676,0.0081787109375,0.0,9444864,0,0,50331648,12582912,0.0078125,864.78125,True
20260919T121421Z-hf-opt-layer,2026-09-19T12:14:28.996893+00:00,mn01,imbps,facebook/opt-125m,pretrained,0,random,1,8192,8192,768,3072,relu,True,True,bf16,8,prepacked,input,4,1,46765704,46.765704,175171.10402101505,0.0081787109375,2.202695,9444864,9444864,25165824,12582912,12582912,0.0078125,864.78125,True
20260919T121421Z-hf-opt-layer,2026-09-19T12:14:29.054636+00:00,mn01,reference,facebook/opt-125m,pretrained,0,random,1,8192,8192,768,3072,relu,True,True,bf16,8,native_linear,native,4,1,57635184,57.635184,142135.40118133396,0.0081787109375,0.0,9444864,0,0,50331648,12582912,0.0078125,864.78125,True
20260919T121421Z-hf-opt-layer,2026-09-19T12:14:29.101575+00:00,mn01,imbps,facebook/opt-125m,pretrained,0,random,1,8192,8192,768,3072,relu,True,True,bf16,8,prepacked,input,4,2,46788408,46.788408,175086.10252351395,0.0081787109375,2.202695,9444864,9444864,25165824,12582912,12582912,0.0078125,864.78125,True
20260919T121421Z-hf-opt-layer,2026-09-19T12:14:29.159338+00:00,mn01,reference,facebook/opt-125m,pretrained,0,random,1,8192,8192,768,3072,relu,True,True,bf16,8,native_linear,native,4,2,57656256,57.656256,142083.45404876792,0.0081787109375,0.0,9444864,0,0,50331648,12582912,0.0078125,864.78125,True
20260919T121421Z-hf-opt-layer,2026-09-19T12:14:29.206238+00:00,mn01,imbps,facebook/opt-125m,pretrained,0,random,1,8192,8192,768,3072,relu,True,True,bf16,8,prepacked,input,4,3,46756720,46.75672,175204.76201067996,0.0081787109375,2.202695,9444864,9444864,25165824,12582912,12582912,0.0078125,864.78125,True
20260919T121421Z-hf-opt-layer,2026-09-19T12:14:29.263875+00:00,mn01,reference,facebook/opt-125m,pretrained,0,random,1,8192,8192,768,3072,relu,True,True,bf16,8,native_linear,native,4,3,57516786,57.516786,142427.98615346832,0.0081787109375,0.0,9444864,0,0,50331648,12582912,0.0078125,864.78125,True
20260919T121421Z-hf-opt-layer,2026-09-19T12:14:29.310749+00:00,mn01,imbps,facebook/opt-125m,pretrained,0,random,1,8192,8192,768,3072,relu,True,True,bf16,8,prepacked,input,4,4,46721036,46.721036,175338.57768051204,0.0081787109375,2.202695,9444864,9444864,25165824,12582912,12582912,0.0078125,864.78125,True
20260919T121421Z-hf-opt-layer,2026-09-19T12:14:29.368545+00:00,mn01,reference,facebook/opt-125m,pretrained,0,random,1,8192,8192,768,3072,relu,True,True,bf16,8,native_linear,native,4,4,57691109,57.691109,141997.6169984876,0.0081787109375,0.0,9444864,0,0,50331648,12582912,0.0078125,864.78125,True
20260919T121421Z-hf-opt-layer,2026-09-19T12:14:29.415449+00:00,mn01,imbps,facebook/opt-125m,pretrained,0,random,1,8192,8192,768,3072,relu,True,True,bf16,8,prepacked,input,4,5,46750801,46.750801,175226.94423995,0.0081787109375,2.202695,9444864,9444864,25165824,12582912,12582912,0.0078125,864.78125,True
20260919T121421Z-hf-opt-layer,2026-09-19T12:14:29.473108+00:00,mn01,reference,facebook/opt-125m,pretrained,0,random,1,8192,8192,768,3072,relu,True,True,bf16,8,native_linear,native,4,5,57548644,57.548644,142349.14032031753,0.0081787109375,0.0,9444864,0,0,50331648,12582912,0.0078125,864.78125,True
20260919T121421Z-hf-opt-layer,2026-09-19T12:14:29.530695+00:00,mn01,reference,facebook/opt-125m,pretrained,0,random,1,8192,8192,768,3072,relu,True,True,bf16,8,native_linear,native,4,6,57436885,57.436885,142626.119087064,0.0081787109375,0.0,9444864,0,0,50331648,12582912,0.0078125,864.78125,True
20260919T121421Z-hf-opt-layer,2026-09-19T12:14:29.577610+00:00,mn01,imbps,facebook/opt-125m,pretrained,0,random,1,8192,8192,768,3072,relu,True,True,bf16,8,prepacked,input,4,6,46777382,46.777382,175127.37245534605,0.0081787109375,2.202695,9444864,9444864,25165824,12582912,12582912,0.0078125,864.78125,True
20260919T121421Z-hf-opt-layer,2026-09-19T12:14:29.623783+00:00,mn01,imbps,facebook/opt-125m,pretrained,0,random,1,8192,8192,768,3072,relu,True,True,bf16,8,prepacked,input,4,7,46055892,46.055892,177870.8357228213,0.0081787109375,2.202695,9444864,9444864,25165824,12582912,12582912,0.0078125,864.78125,True
20260919T121421Z-hf-opt-layer,2026-09-19T12:14:29.681512+00:00,mn01,reference,facebook/opt-125m,pretrained,0,random,1,8192,8192,768,3072,relu,True,True,bf16,8,native_linear,native,4,7,57620852,57.620852,142170.7544345231,0.0081787109375,0.0,9444864,0,0,50331648,12582912,0.0078125,864.78125,True
20260919T121421Z-hf-opt-layer,2026-09-19T12:14:29.728369+00:00,mn01,imbps,facebook/opt-125m,pretrained,0,random,1,8192,8192,768,3072,relu,True,True,bf16,8,prepacked,input,4,8,46708848,46.708848,175384.32975268413,0.0081787109375,2.202695,9444864,9444864,25165824,12582912,12582912,0.0078125,864.78125,True
20260919T121421Z-hf-opt-layer,2026-09-19T12:14:29.786116+00:00,mn01,reference,facebook/opt-125m,pretrained,0,random,1,8192,8192,768,3072,relu,True,True,bf16,8,native_linear,native,4,8,57636937,57.636937,142131.07820077255,0.0081787109375,0.0,9444864,0,0,50331648,12582912,0.0078125,864.78125,True
20260919T121421Z-hf-opt-layer,2026-09-19T12:14:29.843694+00:00,mn01,reference,facebook/opt-125m,pretrained,0,random,1,8192,8192,768,3072,relu,True,True,bf16,8,native_linear,native,4,9,57422533,57.422533,142661.7665925674,0.0081787109375,0.0,9444864,0,0,50331648,12582912,0.0078125,864.78125,True
20260919T121421Z-hf-opt-layer,2026-09-19T12:14:29.890566+00:00,mn01,imbps,facebook/opt-125m,pretrained,0,random,1,8192,8192,768,3072,relu,True,True,bf16,8,prepacked,input,4,9,46740847,46.740847,175264.26082950528,0.0081787109375,2.202695,9444864,9444864,25165824,12582912,12582912,0.0078125,864.78125,True
20260919T121421Z-hf-opt-layer,2026-09-19T12:14:29.936718+00:00,mn01,imbps,facebook/opt-125m,pretrained,0,random,1,8192,8192,768,3072,relu,True,True,bf16,8,prepacked,input,4,10,46037996,46.037996,177939.97809982867,0.0081787109375,2.202695,9444864,9444864,25165824,12582912,12582912,0.0078125,864.78125,True
20260919T121421Z-hf-opt-layer,2026-09-19T12:14:29.994464+00:00,mn01,reference,facebook/opt-125m,pretrained,0,random,1,8192,8192,768,3072,relu,True,True,bf16,8,native_linear,native,4,10,57638699,57.638699,142126.7332907705,0.0081787109375,0.0,9444864,0,0,50331648,12582912,0.0078125,864.78125,True
20260919T121421Z-hf-opt-layer,2026-09-19T12:14:30.052064+00:00,mn01,reference,facebook/opt-125m,pretrained,0,random,1,8192,8192,768,3072,relu,True,True,bf16,8,native_linear,native,4,11,57443485,57.443485,142609.73198266086,0.0081787109375,0.0,9444864,0,0,50331648,12582912,0.0078125,864.78125,True
20260919T121421Z-hf-opt-layer,2026-09-19T12:14:30.099031+00:00,mn01,imbps,facebook/opt-125m,pretrained,0,random,1,8192,8192,768,3072,relu,True,True,bf16,8,prepacked,input,4,11,46825905,46.825905,174945.89800239846,0.0081787109375,2.202695,9444864,9444864,25165824,12582912,12582912,0.0078125,864.78125,True
20260919T121421Z-hf-opt-layer,2026-09-19T12:14:30.156803+00:00,mn01,reference,facebook/opt-125m,pretrained,0,random,1,8192,8192,768,3072,relu,True,True,bf16,8,native_linear,native,4,12,57656166,57.656166,142083.67583789738,0.0081787109375,0.0,9444864,0,0,50331648,12582912,0.0078125,864.78125,True
20260919T121421Z-hf-opt-layer,2026-09-19T12:14:30.203695+00:00,mn01,imbps,facebook/opt-125m,pretrained,0,random,1,8192,8192,768,3072,relu,True,True,bf16,8,prepacked,input,4,12,46760857,46.760857,175189.26139441796,0.0081787109375,2.202695,9444864,9444864,25165824,12582912,12582912,0.0078125,864.78125,True
20260919T121421Z-hf-opt-layer,2026-09-19T12:14:30.261538+00:00,mn01,reference,facebook/opt-125m,pretrained,0,random,1,8192,8192,768,3072,relu,True,True,bf16,8,native_linear,native,4,13,57721915,57.721915,141921.83332794832,0.0081787109375,0.0,9444864,0,0,50331648,12582912,0.0078125,864.78125,True
20260919T121421Z-hf-opt-layer,2026-09-19T12:14:30.308400+00:00,mn01,imbps,facebook/opt-125m,pretrained,0,random,1,8192,8192,768,3072,relu,True,True,bf16,8,prepacked,input,4,13,46726185,46.726185,175319.25621575996,0.0081787109375,2.202695,9444864,9444864,25165824,12582912,12582912,0.0078125,864.78125,True
20260919T121421Z-hf-opt-layer,2026-09-19T12:14:30.354564+00:00,mn01,imbps,facebook/opt-125m,pretrained,0,random,1,8192,8192,768,3072,relu,True,True,bf16,8,prepacked,input,4,14,46050784,46.050784,177890.56533760641,0.0081787109375,2.202695,9444864,9444864,25165824,12582912,12582912,0.0078125,864.78125,True
20260919T121421Z-hf-opt-layer,2026-09-19T12:14:30.412333+00:00,mn01,reference,facebook/opt-125m,pretrained,0,random,1,8192,8192,768,3072,relu,True,True,bf16,8,native_linear,native,4,14,57660883,57.660883,142072.0525559763,0.0081787109375,0.0,9444864,0,0,50331648,12582912,0.0078125,864.78125,True
20260919T121421Z-hf-opt-layer,2026-09-19T12:14:30.469828+00:00,mn01,reference,facebook/opt-125m,pretrained,0,random,1,8192,8192,768,3072,relu,True,True,bf16,8,native_linear,native,4,15,57343243,57.343243,142859.02874380507,0.0081787109375,0.0,9444864,0,0,50331648,12582912,0.0078125,864.78125,True
20260919T121421Z-hf-opt-layer,2026-09-19T12:14:30.516724+00:00,mn01,imbps,facebook/opt-125m,pretrained,0,random,1,8192,8192,768,3072,relu,True,True,bf16,8,prepacked,input,4,15,46754096,46.754096,175214.59510199918,0.0081787109375,2.202695,9444864,9444864,25165824,12582912,12582912,0.0078125,864.78125,True
20260919T121421Z-hf-opt-layer,2026-09-19T12:14:30.574535+00:00,mn01,reference,facebook/opt-125m,pretrained,0,random,1,8192,8192,768,3072,relu,True,True,bf16,8,native_linear,native,4,16,57696116,57.696116,141985.29412274476,0.0081787109375,0.0,9444864,0,0,50331648,12582912,0.0078125,864.78125,True
20260919T121421Z-hf-opt-layer,2026-09-19T12:14:30.621411+00:00,mn01,imbps,facebook/opt-125m,pretrained,0,random,1,8192,8192,768,3072,relu,True,True,bf16,8,prepacked,input,4,16,46744402,46.744402,175250.93165166603,0.0081787109375,2.202695,9444864,9444864,25165824,12582912,12582912,0.0078125,864.78125,True
20260919T121421Z-hf-opt-layer,2026-09-19T12:14:30.667550+00:00,mn01,imbps,facebook/opt-125m,pretrained,0,random,1,8192,8192,768,3072,relu,True,True,bf16,8,prepacked,input,4,17,46023373,46.023373,177996.51494469994,0.0081787109375,2.202695,9444864,9444864,25165824,12582912,12582912,0.0078125,864.78125,True
20260919T121421Z-hf-opt-layer,2026-09-19T12:14:30.725308+00:00,mn01,reference,facebook/opt-125m,pretrained,0,random,1,8192,8192,768,3072,relu,True,True,bf16,8,native_linear,native,4,17,57649596,57.649596,142099.86831477535,0.0081787109375,0.0,9444864,0,0,50331648,12582912,0.0078125,864.78125,True
20260919T121421Z-hf-opt-layer,2026-09-19T12:14:30.782871+00:00,mn01,reference,facebook/opt-125m,pretrained,0,random,1,8192,8192,768,3072,relu,True,True,bf16,8,native_linear,native,4,18,57407791,57.407791,142698.4013371983,0.0081787109375,0.0,9444864,0,0,50331648,12582912,0.0078125,864.78125,True
20260919T121421Z-hf-opt-layer,2026-09-19T12:14:30.829734+00:00,mn01,imbps,facebook/opt-125m,pretrained,0,random,1,8192,8192,768,3072,relu,True,True,bf16,8,prepacked,input,4,18,46733295,46.733295,175292.58315725438,0.0081787109375,2.202695,9444864,9444864,25165824,12582912,12582912,0.0078125,864.78125,True
20260919T121421Z-hf-opt-layer,2026-09-19T12:14:30.887508+00:00,mn01,reference,facebook/opt-125m,pretrained,0,random,1,8192,8192,768,3072,relu,True,True,bf16,8,native_linear,native,4,19,57656035,57.656035,142083.9986655343,0.0081787109375,0.0,9444864,0,0,50331648,12582912,0.0078125,864.78125,True
20260919T121421Z-hf-opt-layer,2026-09-19T12:14:30.934398+00:00,mn01,imbps,facebook/opt-125m,pretrained,0,random,1,8192,8192,768,3072,relu,True,True,bf16,8,prepacked,input,4,19,46758643,46.758643,175197.5565244697,0.0081787109375,2.202695,9444864,9444864,25165824,12582912,12582912,0.0078125,864.78125,True
20260919T121421Z-hf-opt-layer,2026-09-19T12:14:31.714814+00:00,mn01,imbps,facebook/opt-125m,pretrained,0,random,1,8192,8192,768,3072,relu,True,True,bf16,8,prepacked,input,8,0,46213661,46.213661,177263.6017735102,0.0081787109375,2.039399,9444864,9444864,18874368,6291456,12582912,0.0078125,1072.78125,True
20260919T121421Z-hf-opt-layer,2026-09-19T12:14:31.772485+00:00,mn01,reference,facebook/opt-125m,pretrained,0,random,1,8192,8192,768,3072,relu,True,True,bf16,8,native_linear,native,8,0,57556666,57.556666,142329.3003107581,0.0081787109375,0.0,9444864,0,0,50331648,12582912,0.0078125,1072.78125,True
20260919T121421Z-hf-opt-layer,2026-09-19T12:14:31.819799+00:00,mn01,imbps,facebook/opt-125m,pretrained,0,random,1,8192,8192,768,3072,relu,True,True,bf16,8,prepacked,input,8,1,47163955,47.163955,173691.96455216702,0.0081787109375,2.039399,9444864,9444864,18874368,6291456,12582912,0.0078125,1072.78125,True
20260919T121421Z-hf-opt-layer,2026-09-19T12:14:31.877388+00:00,mn01,reference,facebook/opt-125m,pretrained,0,random,1,8192,8192,768,3072,relu,True,True,bf16,8,native_linear,native,8,1,57481041,57.481041,142516.55602409845,0.0081787109375,0.0,9444864,0,0,50331648,12582912,0.0078125,1072.78125,True
20260919T121421Z-hf-opt-layer,2026-09-19T12:14:31.924658+00:00,mn01,imbps,facebook/opt-125m,pretrained,0,random,1,8192,8192,768,3072,relu,True,True,bf16,8,prepacked,input,8,2,47121321,47.121321,173849.11598721947,0.0081787109375,2.039399,9444864,9444864,18874368,6291456,12582912,0.0078125,1072.78125,True
20260919T121421Z-hf-opt-layer,2026-09-19T12:14:31.982327+00:00,mn01,reference,facebook/opt-125m,pretrained,0,random,1,8192,8192,768,3072,relu,True,True,bf16,8,native_linear,native,8,2,57564237,57.564237,142310.58078646992,0.0081787109375,0.0,9444864,0,0,50331648,12582912,0.0078125,1072.78125,True
20260919T121421Z-hf-opt-layer,2026-09-19T12:14:32.039979+00:00,mn01,reference,facebook/opt-125m,pretrained,0,random,1,8192,8192,768,3072,relu,True,True,bf16,8,native_linear,native,8,3,57498858,57.498858,142472.39484304193,0.0081787109375,0.0,9444864,0,0,50331648,12582912,0.0078125,1072.78125,True
20260919T121421Z-hf-opt-layer,2026-09-19T12:14:32.087231+00:00,mn01,imbps,facebook/opt-125m,pretrained,0,random,1,8192,8192,768,3072,relu,True,True,bf16,8,prepacked,input,8,3,47116644,47.116644,173866.37299549603,0.0081787109375,2.039399,9444864,9444864,18874368,6291456,12582912,0.0078125,1072.78125,True
20260919T121421Z-hf-opt-layer,2026-09-19T12:14:32.133435+00:00,mn01,imbps,facebook/opt-125m,pretrained,0,random,1,8192,8192,768,3072,relu,True,True,bf16,8,prepacked,input,8,4,46093779,46.093779,177724.63394680657,0.0081787109375,2.039399,9444864,9444864,18874368,6291456,12582912,0.0078125,1072.78125,True
20260919T121421Z-hf-opt-layer,2026-09-19T12:14:32.191186+00:00,mn01,reference,facebook/opt-125m,pretrained,0,random,1,8192,8192,768,3072,relu,True,True,bf16,8,native_linear,native,8,4,57648564,57.648564,142102.4121259985,0.0081787109375,0.0,9444864,0,0,50331648,12582912,0.0078125,1072.78125,True
20260919T121421Z-hf-opt-layer,2026-09-19T12:14:32.238751+00:00,mn01,imbps,facebook/opt-125m,pretrained,0,random,1,8192,8192,768,3072,relu,True,True,bf16,8,prepacked,input,8,5,47416186,47.416186,172768.00795407713,0.0081787109375,2.039399,9444864,9444864,18874368,6291456,12582912,0.0078125,1072.78125,True
20260919T121421Z-hf-opt-layer,2026-09-19T12:14:32.296447+00:00,mn01,reference,facebook/opt-125m,pretrained,0,random,1,8192,8192,768,3072,relu,True,True,bf16,8,native_linear,native,8,5,57590817,57.590817,142244.8999117342,0.0081787109375,0.0,9444864,0,0,50331648,12582912,0.0078125,1072.78125,True
20260919T121421Z-hf-opt-layer,2026-09-19T12:14:32.343811+00:00,mn01,imbps,facebook/opt-125m,pretrained,0,random,1,8192,8192,768,3072,relu,True,True,bf16,8,prepacked,input,8,6,47217186,47.217186,173496.15032119871,0.0081787109375,2.039399,9444864,9444864,18874368,6291456,12582912,0.0078125,1072.78125,True
20260919T121421Z-hf-opt-layer,2026-09-19T12:14:32.401621+00:00,mn01,reference,facebook/opt-125m,pretrained,0,random,1,8192,8192,768,3072,relu,True,True,bf16,8,native_linear,native,8,6,57707704,57.707704,141956.7827546908,0.0081787109375,0.0,9444864,0,0,50331648,12582912,0.0078125,1072.78125,True
20260919T121421Z-hf-opt-layer,2026-09-19T12:14:32.459238+00:00,mn01,reference,facebook/opt-125m,pretrained,0,random,1,8192,8192,768,3072,relu,True,True,bf16,8,native_linear,native,8,7,57471887,57.471887,142539.25575821096,0.0081787109375,0.0,9444864,0,0,50331648,12582912,0.0078125,1072.78125,True
20260919T121421Z-hf-opt-layer,2026-09-19T12:14:32.506586+00:00,mn01,imbps,facebook/opt-125m,pretrained,0,random,1,8192,8192,768,3072,relu,True,True,bf16,8,prepacked,input,8,7,47214342,47.214342,173506.60102390076,0.0081787109375,2.039399,9444864,9444864,18874368,6291456,12582912,0.0078125,1072.78125,True
20260919T121421Z-hf-opt-layer,2026-09-19T12:14:32.552825+00:00,mn01,imbps,facebook/opt-125m,pretrained,0,random,1,8192,8192,768,3072,relu,True,True,bf16,8,prepacked,input,8,8,46126759,46.126759,177597.56327124566,0.0081787109375,2.039399,9444864,9444864,18874368,6291456,12582912,0.0078125,1072.78125,True
20260919T121421Z-hf-opt-layer,2026-09-19T12:14:32.610661+00:00,mn01,reference,facebook/opt-125m,pretrained,0,random,1,8192,8192,768,3072,relu,True,True,bf16,8,native_linear,native,8,8,57734114,57.734114,141891.84578116154,0.0081787109375,0.0,9444864,0,0,50331648,12582912,0.0078125,1072.78125,True
20260919T121421Z-hf-opt-layer,2026-09-19T12:14:32.658061+00:00,mn01,imbps,facebook/opt-125m,pretrained,0,random,1,8192,8192,768,3072,relu,True,True,bf16,8,prepacked,input,8,9,47256835,47.256835,173350.58515873947,0.0081787109375,2.039399,9444864,9444864,18874368,6291456,12582912,0.0078125,1072.78125,True
20260919T121421Z-hf-opt-layer,2026-09-19T12:14:32.715921+00:00,mn01,reference,facebook/opt-125m,pretrained,0,random,1,8192,8192,768,3072,relu,True,True,bf16,8,native_linear,native,8,9,57757279,57.757279,141834.93651077294,0.0081787109375,0.0,9444864,0,0,50331648,12582912,0.0078125,1072.78125,True
20260919T121421Z-hf-opt-layer,2026-09-19T12:14:32.763320+00:00,mn01,imbps,facebook/opt-125m,pretrained,0,random,1,8192,8192,768,3072,relu,True,True,bf16,8,prepacked,input,8,10,47245819,47.245819,173391.00418600003,0.0081787109375,2.039399,9444864,9444864,18874368,6291456,12582912,0.0078125,1072.78125,True
20260919T121421Z-hf-opt-layer,2026-09-19T12:14:32.821194+00:00,mn01,reference,facebook/opt-125m,pretrained,0,random,1,8192,8192,768,3072,relu,True,True,bf16,8,native_linear,native,8,10,57772081,57.772081,141798.5964535361,0.0081787109375,0.0,9444864,0,0,50331648,12582912,0.0078125,1072.78125,True
20260919T121421Z-hf-opt-layer,2026-09-19T12:14:32.878904+00:00,mn01,reference,facebook/opt-125m,pretrained,0,random,1,8192,8192,768,3072,relu,True,True,bf16,8,native_linear,native,8,11,57558288,57.558288,142325.28945266752,0.0081787109375,0.0,9444864,0,0,50331648,12582912,0.0078125,1072.78125,True
20260919T121421Z-hf-opt-layer,2026-09-19T12:14:32.926223+00:00,mn01,imbps,facebook/opt-125m,pretrained,0,random,1,8192,8192,768,3072,relu,True,True,bf16,8,prepacked,input,8,11,47181592,47.181592,173627.0365781638,0.0081787109375,2.039399,9444864,9444864,18874368,6291456,12582912,0.0078125,1072.78125,True
20260919T121421Z-hf-opt-layer,2026-09-19T12:14:32.983901+00:00,mn01,reference,facebook/opt-125m,pretrained,0,random,1,8192,8192,768,3072,relu,True,True,bf16,8,native_linear,native,8,12,57557487,57.557487,142327.27012560505,0.0081787109375,0.0,9444864,0,0,50331648,12582912,0.0078125,1072.78125,True
20260919T121421Z-hf-opt-layer,2026-09-19T12:14:33.031242+00:00,mn01,imbps,facebook/opt-125m,pretrained,0,random,1,8192,8192,768,3072,relu,True,True,bf16,8,prepacked,input,8,12,47205268,47.205268,173539.95321030694,0.0081787109375,2.039399,9444864,9444864,18874368,6291456,12582912,0.0078125,1072.78125,True
20260919T121421Z-hf-opt-layer,2026-09-19T12:14:33.077424+00:00,mn01,imbps,facebook/opt-125m,pretrained,0,random,1,8192,8192,768,3072,relu,True,True,bf16,8,prepacked,input,8,13,46074411,46.074411,177799.34289339042,0.0081787109375,2.039399,9444864,9444864,18874368,6291456,12582912,0.0078125,1072.78125,True
20260919T121421Z-hf-opt-layer,2026-09-19T12:14:33.135065+00:00,mn01,reference,facebook/opt-125m,pretrained,0,random,1,8192,8192,768,3072,relu,True,True,bf16,8,native_linear,native,8,13,57544638,57.544638,142359.05002999585,0.0081787109375,0.0,9444864,0,0,50331648,12582912,0.0078125,1072.78125,True
20260919T121421Z-hf-opt-layer,2026-09-19T12:14:33.182329+00:00,mn01,imbps,facebook/opt-125m,pretrained,0,random,1,8192,8192,768,3072,relu,True,True,bf16,8,prepacked,input,8,14,47122743,47.122743,173843.86982735703,0.0081787109375,2.039399,9444864,9444864,18874368,6291456,12582912,0.0078125,1072.78125,True
20260919T121421Z-hf-opt-layer,2026-09-19T12:14:33.239978+00:00,mn01,reference,facebook/opt-125m,pretrained,0,random,1,8192,8192,768,3072,relu,True,True,bf16,8,native_linear,native,8,14,57536656,57.536656,142378.79935184275,0.0081787109375,0.0,9444864,0,0,50331648,12582912,0.0078125,1072.78125,True
20260919T121421Z-hf-opt-layer,2026-09-19T12:14:33.287329+00:00,mn01,imbps,facebook/opt-125m,pretrained,0,random,1,8192,8192,768,3072,relu,True,True,bf16,8,prepacked,input,8,15,47199249,47.199249,173562.08358315192,0.0081787109375,2.039399,9444864,9444864,18874368,6291456,12582912,0.0078125,1072.78125,True
20260919T121421Z-hf-opt-layer,2026-09-19T12:14:33.344937+00:00,mn01,reference,facebook/opt-125m,pretrained,0,random,1,8192,8192,768,3072,relu,True,True,bf16,8,native_linear,native,8,15,57504898,57.504898,142457.43032184843,0.0081787109375,0.0,9444864,0,0,50331648,12582912,0.0078125,1072.78125,True
20260919T121421Z-hf-opt-layer,2026-09-19T12:14:33.392297+00:00,mn01,imbps,facebook/opt-125m,pretrained,0,random,1,8192,8192,768,3072,relu,True,True,bf16,8,prepacked,input,8,16,47212739,47.212739,173512.49204160768,0.0081787109375,2.039399,9444864,9444864,18874368,6291456,12582912,0.0078125,1072.78125,True
20260919T121421Z-hf-opt-layer,2026-09-19T12:14:33.450020+00:00,mn01,reference,facebook/opt-125m,pretrained,0,random,1,8192,8192,768,3072,relu,True,True,bf16,8,native_linear,native,8,16,57622946,57.622946,142165.58799336638,0.0081787109375,0.0,9444864,0,0,50331648,12582912,0.0078125,1072.78125,True
20260919T121421Z-hf-opt-layer,2026-09-19T12:14:33.507567+00:00,mn01,reference,facebook/opt-125m,pretrained,0,random,1,8192,8192,768,3072,relu,True,True,bf16,8,native_linear,native,8,17,57390615,57.390615,142741.10845475344,0.0081787109375,0.0,9444864,0,0,50331648,12582912,0.0078125,1072.78125,True
20260919T121421Z-hf-opt-layer,2026-09-19T12:14:33.554948+00:00,mn01,imbps,facebook/opt-125m,pretrained,0,random,1,8192,8192,768,3072,relu,True,True,bf16,8,prepacked,input,8,17,47240731,47.240731,173409.6790331208,0.0081787109375,2.039399,9444864,9444864,18874368,6291456,12582912,0.0078125,1072.78125,True
20260919T121421Z-hf-opt-layer,2026-09-19T12:14:33.601135+00:00,mn01,imbps,facebook/opt-125m,pretrained,0,random,1,8192,8192,768,3072,relu,True,True,bf16,8,prepacked,input,8,18,46075452,46.075452,177795.3258060279,0.0081787109375,2.039399,9444864,9444864,18874368,6291456,12582912,0.0078125,1072.78125,True
20260919T121421Z-hf-opt-layer,2026-09-19T12:14:33.658873+00:00,mn01,reference,facebook/opt-125m,pretrained,0,random,1,8192,8192,768,3072,relu,True,True,bf16,8,native_linear,native,8,18,57637187,57.637187,142130.46171042317,0.0081787109375,0.0,9444864,0,0,50331648,12582912,0.0078125,1072.78125,True
20260919T121421Z-hf-opt-layer,2026-09-19T12:14:33.706382+00:00,mn01,imbps,facebook/opt-125m,pretrained,0,random,1,8192,8192,768,3072,relu,True,True,bf16,8,prepacked,input,8,19,47365600,47.3656,172952.5225057848,0.0081787109375,2.039399,9444864,9444864,18874368,6291456,12582912,0.0078125,1072.78125,True
20260919T121421Z-hf-opt-layer,2026-09-19T12:14:33.764035+00:00,mn01,reference,facebook/opt-125m,pretrained,0,random,1,8192,8192,768,3072,relu,True,True,bf16,8,native_linear,native,8,19,57545820,57.54582,142356.12595319696,0.0081787109375,0.0,9444864,0,0,50331648,12582912,0.0078125,1072.78125,True
20260919T121421Z-hf-opt-layer,2026-09-19T12:14:34.559303+00:00,mn01,imbps,facebook/opt-125m,pretrained,0,random,1,8192,8192,768,3072,relu,True,True,bf16,8,prepacked,input,16,0,46316776,46.316776,176868.95996388004,0.0081787109375,2.212621,9444864,9444864,15728640,3145728,12582912,0.0078125,1023.46875,True
20260919T121421Z-hf-opt-layer,2026-09-19T12:14:34.617099+00:00,mn01,reference,facebook/opt-125m,pretrained,0,random,1,8192,8192,768,3072,relu,True,True,bf16,8,native_linear,native,16,0,57684118,57.684118,142014.82633400062,0.0081787109375,0.0,9444864,0,0,50331648,12582912,0.0078125,1023.46875,True
20260919T121421Z-hf-opt-layer,2026-09-19T12:14:34.664357+00:00,mn01,imbps,facebook/opt-125m,pretrained,0,random,1,8192,8192,768,3072,relu,True,True,bf16,8,prepacked,input,16,1,47114030,47.11403,173876.019521149,0.0081787109375,2.212621,9444864,9444864,15728640,3145728,12582912,0.0078125,1023.46875,True
20260919T121421Z-hf-opt-layer,2026-09-19T12:14:34.722185+00:00,mn01,reference,facebook/opt-125m,pretrained,0,random,1,8192,8192,768,3072,relu,True,True,bf16,8,native_linear,native,16,1,57727603,57.727603,141907.849525642,0.0081787109375,0.0,9444864,0,0,50331648,12582912,0.0078125,1023.46875,True
20260919T121421Z-hf-opt-layer,2026-09-19T12:14:34.769505+00:00,mn01,imbps,facebook/opt-125m,pretrained,0,random,1,8192,8192,768,3072,relu,True,True,bf16,8,prepacked,input,16,2,47166109,47.166109,173684.03232074963,0.0081787109375,2.212621,9444864,9444864,15728640,3145728,12582912,0.0078125,1023.46875,True
20260919T121421Z-hf-opt-layer,2026-09-19T12:14:34.827145+00:00,mn01,reference,facebook/opt-125m,pretrained,0,random,1,8192,8192,768,3072,relu,True,True,bf16,8,native_linear,native,16,2,57538449,57.538449,142374.36257623142,0.0081787109375,0.0,9444864,0,0,50331648,12582912,0.0078125,1023.46875,True
20260919T121421Z-hf-opt-layer,2026-09-19T12:14:34.884744+00:00,mn01,reference,facebook/opt-125m,pretrained,0,random,1,8192,8192,768,3072,relu,True,True,bf16,8,native_linear,native,16,3,57450546,57.450546,142592.2044326611,0.0081787109375,0.0,9444864,0,0,50331648,12582912,0.0078125,1023.46875,True
20260919T121421Z-hf-opt-layer,2026-09-19T12:14:34.931980+00:00,mn01,imbps,facebook/opt-125m,pretrained,0,random,1,8192,8192,768,3072,relu,True,True,bf16,8,prepacked,input,16,3,47106008,47.106008,173905.63004192588,0.0081787109375,2.212621,9444864,9444864,15728640,3145728,12582912,0.0078125,1023.46875,True
20260919T121421Z-hf-opt-layer,2026-09-19T12:14:34.989765+00:00,mn01,reference,facebook/opt-125m,pretrained,0,random,1,8192,8192,768,3072,relu,True,True,bf16,8,native_linear,native,16,4,57672732,57.672732,142042.8635147716,0.0081787109375,0.0,9444864,0,0,50331648,12582912,0.0078125,1023.46875,True
20260919T121421Z-hf-opt-layer,2026-09-19T12:14:35.037056+00:00,mn01,imbps,facebook/opt-125m,pretrained,0,random,1,8192,8192,768,3072,relu,True,True,bf16,8,prepacked,input,16,4,47154662,47.154662,173726.1948776136,0.0081787109375,2.212621,9444864,9444864,15728640,3145728,12582912,0.0078125,1023.46875,True
20260919T121421Z-hf-opt-layer,2026-09-19T12:14:35.083436+00:00,mn01,imbps,facebook/opt-125m,pretrained,0,random,1,8192,8192,768,3072,relu,True,True,bf16,8,prepacked,input,16,5,46270467,46.270467,177045.97621631957,0.0081787109375,2.212621,9444864,9444864,15728640,3145728,12582912,0.0078125,1023.46875,True
20260919T121421Z-hf-opt-layer,2026-09-19T12:14:35.141171+00:00,mn01,reference,facebook/opt-125m,pretrained,0,random,1,8192,8192,768,3072,relu,True,True,bf16,8,native_linear,native,16,5,57638139,57.638139,142128.11416413012,0.0081787109375,0.0,9444864,0,0,50331648,12582912,0.0078125,1023.46875,True
20260919T121421Z-hf-opt-layer,2026-09-19T12:14:35.188454+00:00,mn01,imbps,facebook/opt-125m,pretrained,0,random,1,8192,8192,768,3072,relu,True,True,bf16,8,prepacked,input,16,6,47139549,47.139549,173781.8917189895,0.0081787109375,2.212621,9444864,9444864,15728640,3145728,12582912,0.0078125,1023.46875,True
20260919T121421Z-hf-opt-layer,2026-09-19T12:14:35.246275+00:00,mn01,reference,facebook/opt-125m,pretrained,0,random,1,8192,8192,768,3072,relu,True,True,bf16,8,native_linear,native,16,6,57721354,57.721354,141923.21268139343,0.0081787109375,0.0,9444864,0,0,50331648,12582912,0.0078125,1023.46875,True
20260919T121421Z-hf-opt-layer,2026-09-19T12:14:35.303811+00:00,mn01,reference,facebook/opt-125m,pretrained,0,random,1,8192,8192,768,3072,relu,True,True,bf16,8,native_linear,native,16,7,57378688,57.378688,142770.77928306762,0.0081787109375,0.0,9444864,0,0,50331648,12582912,0.0078125,1023.46875,True
20260919T121421Z-hf-opt-layer,2026-09-19T12:14:35.351114+00:00,mn01,imbps,facebook/opt-125m,pretrained,0,random,1,8192,8192,768,3072,relu,True,True,bf16,8,prepacked,input,16,7,47164567,47.164567,173689.7107525656,0.0081787109375,2.212621,9444864,9444864,15728640,3145728,12582912,0.0078125,1023.46875,True
20260919T121421Z-hf-opt-layer,2026-09-19T12:14:35.408889+00:00,mn01,reference,facebook/opt-125m,pretrained,0,random,1,8192,8192,768,3072,relu,True,True,bf16,8,native_linear,native,16,8,57659221,57.659221,142076.14771625167,0.0081787109375,0.0,9444864,0,0,50331648,12582912,0.0078125,1023.46875,True
20260919T121421Z-hf-opt-layer,2026-09-19T12:14:35.456195+00:00,mn01,imbps,facebook/opt-125m,pretrained,0,random,1,8192,8192,768,3072,relu,True,True,bf16,8,prepacked,input,16,8,47170295,47.170295,173668.6192019787,0.0081787109375,2.212621,9444864,9444864,15728640,3145728,12582912,0.0078125,1023.46875,True
20260919T121421Z-hf-opt-layer,2026-09-19T12:14:35.514014+00:00,mn01,reference,facebook/opt-125m,pretrained,0,random,1,8192,8192,768,3072,relu,True,True,bf16,8,native_linear,native,16,9,57704008,57.704008,141965.8752300187,0.0081787109375,0.0,9444864,0,0,50331648,12582912,0.0078125,1023.46875,True
20260919T121421Z-hf-opt-layer,2026-09-19T12:14:35.561304+00:00,mn01,imbps,facebook/opt-125m,pretrained,0,random,1,8192,8192,768,3072,relu,True,True,bf16,8,prepacked,input,16,9,47150776,47.150776,173740.51277544192,0.0081787109375,2.212621,9444864,9444864,15728640,3145728,12582912,0.0078125,1023.46875,True
20260919T121421Z-hf-opt-layer,2026-09-19T12:14:35.607658+00:00,mn01,imbps,facebook/opt-125m,pretrained,0,random,1,8192,8192,768,3072,relu,True,True,bf16,8,prepacked,input,16,10,46241603,46.241603,177156.48828177518,0.0081787109375,2.212621,9444864,9444864,15728640,3145728,12582912,0.0078125,1023.46875,True
20260919T121421Z-hf-opt-layer,2026-09-19T12:14:35.665439+00:00,mn01,reference,facebook/opt-125m,pretrained,0,random,1,8192,8192,768,3072,relu,True,True,bf16,8,native_linear,native,16,10,57678751,57.678751,142028.040794434,0.0081787109375,0.0,9444864,0,0,50331648,12582912,0.0078125,1023.46875,True
20260919T121421Z-hf-opt-layer,2026-09-19T12:14:35.723037+00:00,mn01,reference,facebook/opt-125m,pretrained,0,random,1,8192,8192,768,3072,relu,True,True,bf16,8,native_linear,native,16,11,57447531,57.447531,142599.68805273806,0.0081787109375,0.0,9444864,0,0,50331648,12582912,0.0078125,1023.46875,True
20260919T121421Z-hf-opt-layer,2026-09-19T12:14:35.770341+00:00,mn01,imbps,facebook/opt-125m,pretrained,0,random,1,8192,8192,768,3072,relu,True,True,bf16,8,prepacked,input,16,11,47172118,47.172118,173661.90765485662,0.0081787109375,2.212621,9444864,9444864,15728640,3145728,12582912,0.0078125,1023.46875,True
20260919T121421Z-hf-opt-layer,2026-09-19T12:14:35.828038+00:00,mn01,reference,facebook/opt-125m,pretrained,0,random,1,8192,8192,768,3072,relu,True,True,bf16,8,native_linear,native,16,12,57581965,57.581965,142266.76703374053,0.0081787109375,0.0,9444864,0,0,50331648,12582912,0.0078125,1023.46875,True
20260919T121421Z-hf-opt-layer,2026-09-19T12:14:35.875363+00:00,mn01,imbps,facebook/opt-125m,pretrained,0,random,1,8192,8192,768,3072,relu,True,True,bf16,8,prepacked,input,16,12,47183365,47.183365,173620.5122292571,0.0081787109375,2.212621,9444864,9444864,15728640,3145728,12582912,0.0078125,1023.46875,True
20260919T121421Z-hf-opt-layer,2026-09-19T12:14:35.933085+00:00,mn01,reference,facebook/opt-125m,pretrained,0,random,1,8192,8192,768,3072,relu,True,True,bf16,8,native_linear,native,16,13,57605780,57.60578,142207.95204925616,0.0081787109375,0.0,9444864,0,0,50331648,12582912,0.0078125,1023.46875,True
20260919T121421Z-hf-opt-layer,2026-09-19T12:14:35.980354+00:00,mn01,imbps,facebook/opt-125m,pretrained,0,random,1,8192,8192,768,3072,relu,True,True,bf16,8,prepacked,input,16,13,47131847,47.131847,173810.29009960082,0.0081787109375,2.212621,9444864,9444864,15728640,3145728,12582912,0.0078125,1023.46875,True
20260919T121421Z-hf-opt-layer,2026-09-19T12:14:36.038120+00:00,mn01,reference,facebook/opt-125m,pretrained,0,random,1,8192,8192,768,3072,relu,True,True,bf16,8,native_linear,native,16,14,57652180,57.65218,142093.4993264782,0.0081787109375,0.0,9444864,0,0,50331648,12582912,0.0078125,1023.46875,True
20260919T121421Z-hf-opt-layer,2026-09-19T12:14:36.085403+00:00,mn01,imbps,facebook/opt-125m,pretrained,0,random,1,8192,8192,768,3072,relu,True,True,bf16,8,prepacked,input,16,14,47146139,47.146139,173757.60080798983,0.0081787109375,2.212621,9444864,9444864,15728640,3145728,12582912,0.0078125,1023.46875,True
20260919T121421Z-hf-opt-layer,2026-09-19T12:14:36.143156+00:00,mn01,reference,facebook/opt-125m,pretrained,0,random,1,8192,8192,768,3072,relu,True,True,bf16,8,native_linear,native,16,15,57634554,57.634554,142136.95485524187,0.0081787109375,0.0,9444864,0,0,50331648,12582912,0.0078125,1023.46875,True
20260919T121421Z-hf-opt-layer,2026-09-19T12:14:36.190442+00:00,mn01,imbps,facebook/opt-125m,pretrained,0,random,1,8192,8192,768,3072,relu,True,True,bf16,8,prepacked,input,16,15,47145368,47.145368,173760.44238322627,0.0081787109375,2.212621,9444864,9444864,15728640,3145728,12582912,0.0078125,1023.46875,True
20260919T121421Z-hf-opt-layer,2026-09-19T12:14:36.237010+00:00,mn01,imbps,facebook/opt-125m,pretrained,0,random,1,8192,8192,768,3072,relu,True,True,bf16,8,prepacked,input,16,16,46458150,46.45815,176330.74067736234,0.0081787109375,2.212621,9444864,9444864,15728640,3145728,12582912,0.0078125,1023.46875,True
20260919T121421Z-hf-opt-layer,2026-09-19T12:14:36.294756+00:00,mn01,reference,facebook/opt-125m,pretrained,0,random,1,8192,8192,768,3072,relu,True,True,bf16,8,native_linear,native,16,16,57642836,57.642836,142116.5329200666,0.0081787109375,0.0,9444864,0,0,50331648,12582912,0.0078125,1023.46875,True
20260919T121421Z-hf-opt-layer,2026-09-19T12:14:36.352197+00:00,mn01,reference,facebook/opt-125m,pretrained,0,random,1,8192,8192,768,3072,relu,True,True,bf16,8,native_linear,native,16,17,57292868,57.292868,142984.63815775464,0.0081787109375,0.0,9444864,0,0,50331648,12582912,0.0078125,1023.46875,True
20260919T121421Z-hf-opt-layer,2026-09-19T12:14:36.399479+00:00,mn01,imbps,facebook/opt-125m,pretrained,0,random,1,8192,8192,768,3072,relu,True,True,bf16,8,prepacked,input,16,17,47144496,47.144496,173763.65631313567,0.0081787109375,2.212621,9444864,9444864,15728640,3145728,12582912,0.0078125,1023.46875,True
20260919T121421Z-hf-opt-layer,2026-09-19T12:14:36.457175+00:00,mn01,reference,facebook/opt-125m,pretrained,0,random,1,8192,8192,768,3072,relu,True,True,bf16,8,native_linear,native,16,18,57579250,57.57925,142273.4752536721,0.0081787109375,0.0,9444864,0,0,50331648,12582912,0.0078125,1023.46875,True
20260919T121421Z-hf-opt-layer,2026-09-19T12:14:36.504437+00:00,mn01,imbps,facebook/opt-125m,pretrained,0,random,1,8192,8192,768,3072,relu,True,True,bf16,8,prepacked,input,16,18,47120431,47.120431,173852.39960984228,0.0081787109375,2.212621,9444864,9444864,15728640,3145728,12582912,0.0078125,1023.46875,True
20260919T121421Z-hf-opt-layer,2026-09-19T12:14:36.550907+00:00,mn01,imbps,facebook/opt-125m,pretrained,0,random,1,8192,8192,768,3072,relu,True,True,bf16,8,prepacked,input,16,19,46357679,46.357679,176712.90230039344,0.0081787109375,2.212621,9444864,9444864,15728640,3145728,12582912,0.0078125,1023.46875,True
20260919T121421Z-hf-opt-layer,2026-09-19T12:14:36.608618+00:00,mn01,reference,facebook/opt-125m,pretrained,0,random,1,8192,8192,768,3072,relu,True,True,bf16,8,native_linear,native,16,19,57607322,57.607322,142204.14550775333,0.0081787109375,0.0,9444864,0,0,50331648,12582912,0.0078125,1023.46875,True
